id,diffs,name
1001368!item.en-US,"{""review_count"": {""old"": ""1838"", ""new"": ""1839""}, ""review_ratings"": {""old"": ""4.8368000984191895"", ""new"": ""4.836900234222412""}}","Kirkland Signature, Organic Quinoa, 4.5 lbs"
1002373!item.en-US,"{""review_count"": {""old"": ""4128"", ""new"": ""4129""}, ""review_ratings"": {""old"": ""4.646299839019775"", ""new"": ""4.646399974822998""}}","Kirkland Signature, Organic Almond Beverage, Vanilla, 32 fl oz, 6-Count"
1010278!item.en-US,"{""review_count"": {""old"": ""1081"", ""new"": ""1082""}, ""review_ratings"": {""old"": ""4.352499961853027"", ""new"": ""4.350299835205078""}}","Caboo Bamboo Bath Tissue, 2-Ply, 400 Sheets, 24 Rolls"
1012553!item.en-US,"{""review_count"": {""old"": ""1964"", ""new"": ""1965""}, ""review_ratings"": {""old"": ""4.5518999099731445"", ""new"": ""4.552199840545654""}}","Great Southern Grass Fed Beef, ABF NY Strip CC Steak,(14/12 Oz. Per Steak), 14 Total Packs, 10.5 Lbs. Total"
1022894!item.en-US,"{""review_count"": {""old"": ""114"", ""new"": ""115""}, ""review_ratings"": {""old"": ""4.7895002365112305"", ""new"": ""4.782599925994873""}}","Winco 9-Inch Non-Slip Locking Tongs, Stainless Steel, 4-count"
1032932!item.en-US,"{""review_count"": {""old"": ""1741"", ""new"": ""1743""}, ""review_ratings"": {""old"": ""4.720300197601318"", ""new"": ""4.720600128173828""}}","Kirkland Signature Organic Raw Honey, 24 oz, 3-count"
1045706!item.en-US,"{""review_count"": {""old"": ""1606"", ""new"": ""1607""}, ""review_ratings"": {""old"": ""4.857399940490723"", ""new"": ""4.857500076293945""}}","Kirkland Signature, Organic Virgin Coconut Oil, 84 fl oz"
1048072!item.en-US,"{""review_count"": {""old"": ""31"", ""new"": ""32""}, ""review_ratings"": {""old"": ""3.80649995803833"", ""new"": ""3.8438000679016113""}}","Kirkland Signature Organic Greek Yogurt, 48 oz"
1050557!item.en-US,"{""review_count"": {""old"": ""4934"", ""new"": ""4935""}, ""review_ratings"": {""old"": ""4.737500190734863"", ""new"": ""4.737400054931641""}}","Kirkland Signature Peanut Butter Filled Pretzel Nuggets, 55 oz"
105508!item.en-US,"{""review_count"": {""old"": ""16"", ""new"": ""17""}, ""review_ratings"": {""old"": ""4.875"", ""new"": ""4.64709997177124""}}","Hershey's, Cookies N' Creme, 1.55 oz, 36-count"
1055688!item.en-US,"{""review_count"": {""old"": ""319"", ""new"": ""320""}, ""review_ratings"": {""old"": ""4.570499897003174"", ""new"": ""4.571899890899658""}}","Pringles Potato Chips, Original, 0.67 oz, 60-count"
1055728!item.en-US,"{""review_count"": {""old"": ""432"", ""new"": ""433""}, ""review_ratings"": {""old"": ""4.606500148773193"", ""new"": ""4.602799892425537""}}","Mott's Fruit Snacks, Assorted Fruit, 0.8 oz, 90-count"
1072687!item.en-US,"{""review_count"": {""old"": ""1364"", ""new"": ""1365""}, ""review_ratings"": {""old"": ""4.700099945068359"", ""new"": ""4.700399875640869""}}","Pure Vanilla Extract, 16 fl oz"
1079891!item.en-US,"{""review_count"": {""old"": ""942"", ""new"": ""943""}, ""review_ratings"": {""old"": ""4.507400035858154"", ""new"": ""4.503699779510498""}}","Marathon Dinner Napkin, 1/8 Fold, 2-Ply, 300-count, 3-pack"
1082839!item.en-US,"{""review_count"": {""old"": ""1202"", ""new"": ""1204""}, ""review_ratings"": {""old"": ""4.708799839019775"", ""new"": ""4.7093000411987305""}}","FITCRUNCH Protein Bars, 16g Protein, Chocolate Peanut Butter, 1.62 oz, 18-count"
1083117!item.en-US,"{""review_count"": {""old"": ""876"", ""new"": ""877""}, ""review_ratings"": {""old"": ""4.811600208282471"", ""new"": ""4.8119001388549805""}}","Rodelle, Gourmet Baking Cocoa Powder, 25 oz"
1084023!item.en-US,"{""review_count"": {""old"": ""2973"", ""new"": ""2978""}, ""review_ratings"": {""old"": ""4.64139986038208"", ""new"": ""4.642000198364258""}}","La Grande Galette French Butter Cookies, 1.3 lb, 6-pack"
1085910!item.en-US,"{""review_count"": {""old"": ""663"", ""new"": ""664""}, ""review_ratings"": {""old"": ""4.763199806213379"", ""new"": ""4.763599872589111""}}","OREO Chocolate Sandwich Cookies, 2.4 oz, 30-count"
1089787!item.en-US,"{""review_count"": {""old"": ""11211"", ""new"": ""11213""}}","Kirkland Signature Flex-Tech 13-Gallon Kitchen Trash Bag, 200-count"
1091342!item.en-US,"{""review_count"": {""old"": ""652"", ""new"": ""653""}, ""review_ratings"": {""old"": ""4.691699981689453"", ""new"": ""4.692200183868408""}}","Acetum Organic Apple Cider Vinegar with the Mother, 128 fl. oz."
1093993!item.en-US,"{""review_count"": {""old"": ""1138"", ""new"": ""1139""}, ""review_ratings"": {""old"": ""4.704699993133545"", ""new"": ""4.704999923706055""}}","Kleenex Ultra Slim Wallet Facial Tissue, 3-Ply, 10-count, 36-pack"
1098446!item.en-US,"{""review_count"": {""old"": ""3886"", ""new"": ""3890""}, ""review_ratings"": {""old"": ""4.811100006103516"", ""new"": ""4.811299800872803""}}","San Francisco French Roast Whole Bean Coffee 3 lb, 2-pack"
1102099!item.en-US,"{""review_count"": {""old"": ""2625"", ""new"": ""2626""}, ""review_ratings"": {""old"": ""4.670100212097168"", ""new"": ""4.670199871063232""}}","Savanna Orchards Honey Roasted Nut & Pistachios 30 oz, 2-pack"
1104304!item.en-US,"{""review_count"": {""old"": ""986"", ""new"": ""988""}, ""review_ratings"": {""old"": ""4.7393999099731445"", ""new"": ""4.7399001121521""}}","Kirkland Signature Chicken Meal & Rice Formula Dog Biscuits, 15 lbs"
1109404!item.en-US,"{""review_count"": {""old"": ""46"", ""new"": ""49""}, ""review_ratings"": {""old"": ""4.565199851989746"", ""new"": ""4.591800212860107""}}","Kirkland Signature Organic Almond Butter, Creamy, 27 oz"
1111161!item.en-US,"{""review_count"": {""old"": ""4206"", ""new"": ""4213""}, ""review_ratings"": {""old"": ""4.843999862670898"", ""new"": ""4.844099998474121""}}","Dixie Ultra 10-1/16"" Paper Plate, 186-count"
1118518!item.en-US,"{""review_count"": {""old"": ""5266"", ""new"": ""5267""}, ""review_ratings"": {""old"": ""4.530200004577637"", ""new"": ""4.530300140380859""}}",Rastelli's Connoisseur Gift Crate
1123591!item.en-US,"{""review_count"": {""old"": ""733"", ""new"": ""734""}, ""review_ratings"": {""old"": ""4.600299835205078"", ""new"": ""4.595399856567383""}}","Nature's Garden Organic Trail Mix Snack Packs, Variety Pack, 1.2 oz, 24-count"
11357!item.en-US,"{""review_count"": {""old"": ""2272"", ""new"": ""2271""}, ""review_ratings"": {""old"": ""4.798900127410889"", ""new"": ""4.800099849700928""}}","Starbucks French Roast, Whole Bean Coffee, 2.5 lbs"
1143330!item.en-US,"{""review_count"": {""old"": ""2390"", ""new"": ""2392""}, ""review_ratings"": {""old"": ""4.795000076293945"", ""new"": ""4.795199871063232""}}","Ocean Spray Craisins, Whole Dried Cranberries, 64 oz"
1146603!item.en-US,"{""review_count"": {""old"": ""793"", ""new"": ""794""}, ""review_ratings"": {""old"": ""4.693600177764893"", ""new"": ""4.693999767303467""}}","LaCroix Sparkling Water, Lime, 12 fl oz, 24-count"
1147352!item.en-US,"{""review_count"": {""old"": ""2414"", ""new"": ""2416""}, ""review_ratings"": {""old"": ""4.321899890899658"", ""new"": ""4.320400238037109""}}","Kirkland Signature Bottled Water 16.9 fl oz, 40-count, 48 Case Pallet"
1147377!item.en-US,"{""review_count"": {""old"": ""1966"", ""new"": ""1967""}}","Kirkland Signature Organic Blue Agave, 36 oz, 2-count"
1161786!item.en-US,"{""review_count"": {""old"": ""996"", ""new"": ""997""}, ""review_ratings"": {""old"": ""4.214900016784668"", ""new"": ""4.21560001373291""}}","Rastelli’s USDA Choice Black Angus Filet Mignon (16/5 Oz. Per Filet Mignon), 16 Total count, 5 Lbs. Total"
1168029!item.en-US,"{""review_count"": {""old"": ""588"", ""new"": ""589""}, ""review_ratings"": {""old"": ""4.566299915313721"", ""new"": ""4.5671000480651855""}}","Kirkland Signature Protein Bars Chocolate Chip Cookie Dough 2.12 oz., 20-count"
1185317!item.en-US,"{""review_count"": {""old"": ""1144"", ""new"": ""1145""}, ""review_ratings"": {""old"": ""4.783199787139893"", ""new"": ""4.783400058746338""}}","Kellogg's Rice Krispies Treats, 0.78 oz, 60-count"
118677!item.en-US,"{""review_count"": {""old"": ""644"", ""new"": ""645""}, ""review_ratings"": {""old"": ""4.618000030517578"", ""new"": ""4.618599891662598""}}","Nestlé Toll House, Semi-Sweet Chocolate Chip Morsels, 72 oz"
1193197!item.en-US,"{""review_count"": {""old"": ""375"", ""new"": ""376""}, ""review_ratings"": {""old"": ""4.6427001953125"", ""new"": ""4.6356000900268555""}}","Kirkland Signature Organic Roasted Seaweed, 0.6 oz, 10-count"
1194731!item.en-US,"{""review_count"": {""old"": ""3531"", ""new"": ""3532""}}","Peet's Coffee French Roast K-Cup Coffee Pods, 60-count"
1194735!item.en-US,"{""name"": {""old"": ""Peet's Coffee Caf\u00e9 Domingo Single Serve Pods, 60-count"", ""new"": ""Peet's Coffee Caf\u00e9 Domingo K-Cup Coffee Pods, 60-count""}, ""product_description"": {""old"": ""Peet's Coffee Caf\u00e9 Domingo Single Serve Pods, 60-count"", ""new"": ""Peet's Coffee Caf\u00e9 Domingo K-Cup Coffee Pods, 60-count""}, ""review_count"": {""old"": ""1824"", ""new"": ""1827""}, ""review_ratings"": {""old"": ""4.752200126647949"", ""new"": ""4.752600193023682""}}","Peet's Coffee Café Domingo K-Cup Coffee Pods, 60-count"
1199479!item.en-US,"{""review_count"": {""old"": ""1464"", ""new"": ""1470""}, ""review_ratings"": {""old"": ""4.697400093078613"", ""new"": ""4.697299957275391""}}","M&M's Chocolate Candy, Peanut, 62 oz Jar"
120296!item.en-US,"{""review_count"": {""old"": ""1654"", ""new"": ""1655""}, ""review_ratings"": {""old"": ""4.675899982452393"", ""new"": ""4.67609977722168""}}","Kirkland Signature Colombian Supremo Coffee, Whole Bean, 3 lbs"
1203866!item.en-US,"{""review_count"": {""old"": ""1096"", ""new"": ""1097""}, ""review_ratings"": {""old"": ""4.553800106048584"", ""new"": ""4.554200172424316""}}","Sonoma Creamery Pepper Jack Crisps, 10 oz"
1205611!item.en-US,"{""review_count"": {""old"": ""5214"", ""new"": ""5215""}, ""review_ratings"": {""old"": ""4.682000160217285"", ""new"": ""4.68209981918335""}}","Cottonelle Fresh Care Flushable Wipes, 560 Wipes"
1209607!item.en-US,"{""review_count"": {""old"": ""2639"", ""new"": ""2640""}, ""review_ratings"": {""old"": ""4.774199962615967"", ""new"": ""4.7743000984191895""}}","Kirkland Signature Praline Pecans, 2.5 lbs"
1212860!item.en-US,"{""review_count"": {""old"": ""462"", ""new"": ""463""}, ""review_ratings"": {""old"": ""4.6016998291015625"", ""new"": ""4.596099853515625""}}","Kirkland Signature Soft & Chewy Granola Bars, 0.85 oz, 64-count"
121288!item.en-US,"{""review_count"": {""old"": ""3"", ""new"": ""4""}, ""review_ratings"": {""old"": ""2.3333001136779785"", ""new"": ""3.0""}}","Organic Crimini Mushrooms, 24 oz"
1214619!item.en-US,"{""review_count"": {""old"": ""1220"", ""new"": ""1223""}, ""review_ratings"": {""old"": ""4.366399765014648"", ""new"": ""4.366300106048584""}}","Northwest Fish Wild Alaskan Sockeye Salmon Fillets Total 25 Count, 1 Case Totaling 10 Lbs."
1217292!item.en-US,"{""review_count"": {""old"": ""2676"", ""new"": ""2680""}, ""review_ratings"": {""old"": ""4.434199810028076"", ""new"": ""4.434700012207031""}}","Kirkland Signature Organic Colombian Decaf Whole Bean Coffee, 2 lbs"
1217294!item.en-US,"{""review_count"": {""old"": ""1665"", ""new"": ""1668""}, ""review_ratings"": {""old"": ""4.461299896240234"", ""new"": ""4.459199905395508""}}","Kirkland Signature Organic Ethiopia Whole Bean Coffee, 2 lbs"
1242342!item.en-US,"{""review_count"": {""old"": ""357"", ""new"": ""359""}, ""review_ratings"": {""old"": ""4.69189977645874"", ""new"": ""4.693600177764893""}}","Kirkland Signature, Almond Milk, 1 qt, 12-count"
1244496!item.en-US,"{""review_count"": {""old"": ""454"", ""new"": ""455""}, ""review_ratings"": {""old"": ""4.28410005569458"", ""new"": ""4.285699844360352""}}","Noel Consorcio Serrano Ham Reserva Leg, 14 lbs"
1268515!item.en-US,"{""review_count"": {""old"": ""1937"", ""new"": ""1938""}, ""review_ratings"": {""old"": ""4.767199993133545"", ""new"": ""4.767300128936768""}}","Vacaville Fruit Company, Dried Fruit & Nut Grand Pine Slatted Pine Tray, 80 oz."
127509!item.en-US,"{""review_count"": {""old"": ""1832"", ""new"": ""1833""}, ""review_ratings"": {""old"": ""4.610799789428711"", ""new"": ""4.611000061035156""}}","Solo Heavyweight Plastic Fork, White, 500-count"
128163!item.en-US,"{""review_count"": {""old"": ""1933"", ""new"": ""1934""}, ""review_ratings"": {""old"": ""4.674600124359131"", ""new"": ""4.674799919128418""}}","Dixie Ultra 6-7/8"" Paper Plate, 300-count"
1290988!item.en-US,"{""review_count"": {""old"": ""6366"", ""new"": ""6367""}}","Peet's Coffee Nespresso Compatible Aluminum Capsules, 80-count"
1291267!item.en-US,"{""review_count"": {""old"": ""127"", ""new"": ""128""}, ""review_ratings"": {""old"": ""4.614200115203857"", ""new"": ""4.617199897766113""}}","Sencha Naturals Organic Matcha, 12 oz"
1299062!item.en-US,"{""price"": {""old"": ""20.99"", ""new"": ""21.49""}, ""listPrice"": {""old"": ""20.99"", ""new"": ""21.49""}}","Coca-Cola Mini, 7.5 fl oz, 30-count"
1300509!item.en-US,"{""review_count"": {""old"": ""1472"", ""new"": ""1474""}, ""review_ratings"": {""old"": ""4.792099952697754"", ""new"": ""4.792399883270264""}}","Kirkland Signature Nut Bars, 1.41 oz, 30-count"
1300658!item.en-US,"{""review_count"": {""old"": ""4301"", ""new"": ""4302""}, ""review_ratings"": {""old"": ""4.769100189208984"", ""new"": ""4.769199848175049""}}","Kirkland Signature Flex-Tech 13-Gallon Scented Kitchen Trash Bags, 200-count"
130317!item.en-US,"{""review_count"": {""old"": ""2805"", ""new"": ""2806""}, ""review_ratings"": {""old"": ""4.515100002288818"", ""new"": ""4.5152997970581055""}}","Kirkland Signature Puppy Formula Chicken, Rice and Vegetable Dog Food 20 lbs"
1318367!item.en-US,"{""review_count"": {""old"": ""4424"", ""new"": ""4426""}, ""review_ratings"": {""old"": ""4.736700057983398"", ""new"": ""4.736599922180176""}}","Nellie’s Laundry Soda, 400 Loads"
1321637!item.en-US,"{""review_count"": {""old"": ""314"", ""new"": ""313""}, ""review_ratings"": {""old"": ""4.678299903869629"", ""new"": ""4.690100193023682""}}","Kirkland Signature Italian Sausage and Beef Lasagna, 3 lbs, 2-count"
1324865!item.en-US,"{""review_count"": {""old"": ""408"", ""new"": ""409""}, ""review_ratings"": {""old"": ""3.7720999717712402"", ""new"": ""3.775099992752075""}}","Kirkland Signature Protein Bar, Variety Pack, 2.12 oz, 20-count"
132666!item.en-US,"{""review_count"": {""old"": ""634"", ""new"": ""635""}, ""review_ratings"": {""old"": ""4.681399822235107"", ""new"": ""4.6819000244140625""}}","Royal, Basmati Rice, 20 lbs"
1327935!item.en-US,"{""review_count"": {""old"": ""446"", ""new"": ""447""}, ""review_ratings"": {""old"": ""4.73769998550415"", ""new"": ""4.73829984664917""}}","Kirkland Signature, Evaporated Milk, 12 fl oz, 12-Count"
1334131!item.en-US,"{""review_count"": {""old"": ""273"", ""new"": ""274""}, ""review_ratings"": {""old"": ""4.857100009918213"", ""new"": ""4.857699871063232""}}","Pure Leaf Tea, Unsweetened, 16.9 fl oz, 18-count"
1343253!item.en-US,"{""review_count"": {""old"": ""1606"", ""new"": ""1607""}, ""review_ratings"": {""old"": ""4.744100093841553"", ""new"": ""4.744200229644775""}}","Kirkland Signature Elegant Plastic Plates, Variety Pack, White, 50-count"
1347776!item.en-US,"{""review_count"": {""old"": ""3300"", ""new"": ""3302""}, ""review_ratings"": {""old"": ""4.767600059509277"", ""new"": ""4.7677001953125""}}","Kirkland Signature Wild Flower Honey, 5 lbs"
1350660!item.en-US,"{""review_count"": {""old"": ""961"", ""new"": ""962""}, ""review_ratings"": {""old"": ""4.3059000968933105"", ""new"": ""4.302499771118164""}}",David’s Cookies Decadent Triple Chocolate made with mini Hershey’s Kisses and Reese’s Peanut Butter Cup Cookies Tin – 2 Count
1350663!item.en-US,"{""review_count"": {""old"": ""414"", ""new"": ""415""}, ""review_ratings"": {""old"": ""4.357500076293945"", ""new"": ""4.359000205993652""}}",David's Cookies Mango & Strawberry Cheesecake 2-count (28 Slices Total)
1351657!item.en-US,"{""review_count"": {""old"": ""107"", ""new"": ""106""}, ""review_ratings"": {""old"": ""4.841100215911865"", ""new"": ""4.839600086212158""}}","Sour Punch Twists, Variety, 180-count"
1365486!item.en-US,"{""review_count"": {""old"": ""1227"", ""new"": ""1228""}, ""review_ratings"": {""old"": ""4.649499893188477"", ""new"": ""4.649799823760986""}}","Quaker Instant Oatmeal, Variety Pack, 1.51 oz, 52-count"
1374492!item.en-US,"{""review_count"": {""old"": ""935"", ""new"": ""936""}, ""review_ratings"": {""old"": ""4.72730016708374"", ""new"": ""4.72760009765625""}}","Welch’s Fruit Snacks, .8 oz, 90-count"
1374674!item.en-US,"{""review_count"": {""old"": ""303"", ""new"": ""305""}, ""review_ratings"": {""old"": ""4.864699840545654"", ""new"": ""4.865600109100342""}}","Bequet Caramel, Celtic Sea Salt, 17.1 oz"
1376847!item.en-US,"{""review_count"": {""old"": ""3366"", ""new"": ""3367""}, ""review_ratings"": {""old"": ""4.628900051116943"", ""new"": ""4.629000186920166""}}","Sanders Milk Chocolate Sea Salt Caramels 36 oz., 2-pack"
1377067!item.en-US,"{""review_count"": {""old"": ""499"", ""new"": ""500""}, ""review_ratings"": {""old"": ""4.717400074005127"", ""new"": ""4.710000038146973""}}","Kirkland Signature Chewy Protein Bar, Peanut Butter & Semisweet Chocolate Chip, 1.41 oz, 42-Count"
1377354!item.en-US,"{""review_count"": {""old"": ""1130"", ""new"": ""1131""}, ""review_ratings"": {""old"": ""4.549600124359131"", ""new"": ""4.550000190734863""}}","Dorm Room Snack Box, 68-piece"
1381390!item.en-US,"{""review_count"": {""old"": ""3016"", ""new"": ""3018""}, ""review_ratings"": {""old"": ""4.582600116729736"", ""new"": ""4.582799911499023""}}","Kirkland Signature USDA Organic Whole Bean Blend 2 lb, 2-pack"
1383176!item.en-US,"{""review_count"": {""old"": ""851"", ""new"": ""852""}, ""review_ratings"": {""old"": ""4.661600112915039"", ""new"": ""4.6620001792907715""}}",Savanna Orchards Country Club Mix 30 oz 2-count
1389718!item.en-US,"{""review_count"": {""old"": ""2949"", ""new"": ""2951""}, ""review_ratings"": {""old"": ""4.7382001876831055"", ""new"": ""4.738399982452393""}}","Mayorga Café Cubano Roast, USDA Organic, Dark Roast, Whole Bean Coffee, 2lb, 2-pack"
1390413!item.en-US,"{""review_count"": {""old"": ""1653"", ""new"": ""1654""}, ""review_ratings"": {""old"": ""4.736199855804443"", ""new"": ""4.736400127410889""}}","Kirkland Signature Fancy Whole Cashews, 2.5 lbs"
1391546!item.en-US,"{""review_count"": {""old"": ""303"", ""new"": ""305""}, ""review_ratings"": {""old"": ""4.501699924468994"", ""new"": ""4.491799831390381""}}","Schwartz Brothers Bakery, Organic Everything Bagel Chips, 15 oz"
1392843!item.en-US,"{""review_count"": {""old"": ""641"", ""new"": ""642""}, ""review_ratings"": {""old"": ""4.547599792480469"", ""new"": ""4.545199871063232""}}","Chosen Foods Avocado Oil Spray, 13.5 oz, 2-count"
1396!item.en-US,"{""review_count"": {""old"": ""1987"", ""new"": ""1988""}, ""review_ratings"": {""old"": ""4.763500213623047"", ""new"": ""4.763599872589111""}}","Caffe D'Vita, Instant Mocha Cappuccino, 4 lbs"
1397147!item.en-US,"{""review_count"": {""old"": ""1059"", ""new"": ""1061""}, ""review_ratings"": {""old"": ""4.673299789428711"", ""new"": ""4.673900127410889""}}","Kirkland Signature Bar Soap with Shea Butter, 15 Bars"
1407434!item.en-US,"{""review_count"": {""old"": ""912"", ""new"": ""913""}, ""review_ratings"": {""old"": ""4.613999843597412"", ""new"": ""4.613399982452393""}}","Nongshim, Tonkotsu Ramen Bowl, 3.56 oz, 6-Count"
1412777!item.en-US,"{""review_count"": {""old"": ""1447"", ""new"": ""1448""}, ""review_ratings"": {""old"": ""4.761600017547607"", ""new"": ""4.76170015335083""}}","Universal Bakery Traditional Aussie Bites, 27 oz"
1421932!item.en-US,"{""review_count"": {""old"": ""1672"", ""new"": ""1673""}, ""review_ratings"": {""old"": ""4.791299819946289"", ""new"": ""4.791399955749512""}}","Dove Moisturizing Beauty Bar Soap Original, 3.75 oz, 16 Bars"
1421933!item.en-US,"{""review_count"": {""old"": ""1018"", ""new"": ""1020""}, ""review_ratings"": {""old"": ""4.836900234222412"", ""new"": ""4.8333001136779785""}}","Dove Moisturizing Beauty Bar Soap Sensitive Skin, 3.75 oz, 16 Bars"
1441075!item.en-US,"{""review_count"": {""old"": ""2508"", ""new"": ""2511""}, ""review_ratings"": {""old"": ""4.663899898529053"", ""new"": ""4.664299964904785""}}","Premier 30g Protein PLUS Energy and Immune Support Shakes 11 fl. oz., 18-pack, Pumpkin Spice"
1449725!item.en-US,"{""review_count"": {""old"": ""26"", ""new"": ""27""}, ""review_ratings"": {""old"": ""4.923099994659424"", ""new"": ""4.925899982452393""}}","NuTrail Nut Granola, Blueberry Cinnamon, 22 oz"
1452518!item.en-US,"{""review_count"": {""old"": ""1436"", ""new"": ""1438""}, ""review_ratings"": {""old"": ""4.588399887084961"", ""new"": ""4.586900234222412""}}","Kirkland Signature Platinum Performance UltraShine Dishwasher Detergent Pacs, 115-count"
1456660!item.en-US,"{""review_count"": {""old"": ""550"", ""new"": ""551""}, ""review_ratings"": {""old"": ""4.729100227355957"", ""new"": ""4.729599952697754""}}","Swiffer Sweeper Heavy Duty Dry Sweeping Cloth Refills, 50-count"
1466554!item.en-US,"{""review_count"": {""old"": ""3700"", ""new"": ""3702""}, ""review_ratings"": {""old"": ""4.756999969482422"", ""new"": ""4.757199764251709""}}","Vonbee Honey Citron & Ginger Tea, 4.4 lb, 2-pack"
1470561!item.en-US,"{""review_count"": {""old"": ""687"", ""new"": ""688""}, ""review_ratings"": {""old"": ""4.5721001625061035"", ""new"": ""4.56689977645874""}}",Harry & David Farmstand Gift Basket
1474436!item.en-US,"{""review_count"": {""old"": ""761"", ""new"": ""762""}, ""review_ratings"": {""old"": ""4.617599964141846"", ""new"": ""4.618100166320801""}}","Kirkland Signature Trail Mix, 4 lbs"
1475207!item.en-US,"{""review_count"": {""old"": ""361"", ""new"": ""362""}, ""review_ratings"": {""old"": ""4.26039981842041"", ""new"": ""4.262400150299072""}}","Terra Delyssa First Cold Press Extra Virgin Olive Oil 3L, Tin, 2-count"
1475487!item.en-US,"{""price"": {""old"": ""159.99"", ""new"": ""149.99""}}","D'Artagnan 13-piece Gourmet Roasting Ham & Luxury Charcuterie Gift Box, 12.5 lbs"
1481907!item.en-US,"{""review_count"": {""old"": ""395"", ""new"": ""398""}, ""review_ratings"": {""old"": ""4.531599998474121"", ""new"": ""4.535200119018555""}}","Kirkland Signature Funhouse Treats, Variety Pack, 92 oz"
1485523!item.en-US,"{""review_count"": {""old"": ""442"", ""new"": ""443""}, ""review_ratings"": {""old"": ""4.764699935913086"", ""new"": ""4.765200138092041""}}","Kirkland Signature Organic Unbleached All Purpose Flour, 10 lbs, 2-count"
1491866!item.en-US,"{""review_count"": {""old"": ""597"", ""new"": ""599""}, ""review_ratings"": {""old"": ""4.8007001876831055"", ""new"": ""4.801300048828125""}}","Go Raw Sprouted Organic Pumpkin Seeds with Sea Salt, 22 oz"
1492456!item.en-US,"{""review_count"": {""old"": ""1049"", ""new"": ""1051""}, ""review_ratings"": {""old"": ""4.850299835205078"", ""new"": ""4.850599765777588""}}","Kirkland Signature, Albacore Solid White Tuna in Water, 7 oz, 8-Count"
1495072!item.en-US,"{""review_count"": {""old"": ""580"", ""new"": ""581""}, ""review_ratings"": {""old"": ""4.708600044250488"", ""new"": ""4.709099769592285""}}","Sliced Almonds, 5 lbs"
1498286!item.en-US,"{""review_count"": {""old"": ""286"", ""new"": ""287""}, ""review_ratings"": {""old"": ""4.534999847412109"", ""new"": ""4.536600112915039""}}","Gatorade Thirst Quencher, Core Variety Pack, 12 fl oz, 28-count"
1498342!item.en-US,"{""review_count"": {""old"": ""1626"", ""new"": ""1630""}, ""review_ratings"": {""old"": ""4.722599983215332"", ""new"": ""4.723299980163574""}}","Sencha Naturals Everyday Matcha Green Tea Powder, 3-pack"
1504495!item.en-US,"{""review_count"": {""old"": ""714"", ""new"": ""715""}, ""review_ratings"": {""old"": ""4.72130012512207"", ""new"": ""4.721700191497803""}}","Crest Complete + Scope Advanced Active Foam Toothpaste, 8.2 oz, 5-pack"
152074!item.en-US,"{""review_count"": {""old"": ""1762"", ""new"": ""1763""}, ""review_ratings"": {""old"": ""4.707099914550781"", ""new"": ""4.706699848175049""}}","Ruta Maya Decaffeinated Coffee 2.2 lb, 2-pack"
1528787!item.en-US,"{""review_count"": {""old"": ""656"", ""new"": ""658""}, ""review_ratings"": {""old"": ""4.570099830627441"", ""new"": ""4.571400165557861""}}","Kirkland Signature Whole Bean Coffee, French Roast, 2.5 lbs"
1529680!item.en-US,"{""review_count"": {""old"": ""609"", ""new"": ""610""}, ""review_ratings"": {""old"": ""4.566500186920166"", ""new"": ""4.567200183868408""}}","SkinnyPop Popcorn, Variety, 36-count"
1532925!item.en-US,"{""review_count"": {""old"": ""485"", ""new"": ""486""}, ""review_ratings"": {""old"": ""4.785600185394287"", ""new"": ""4.785999774932861""}}","Chomps Original Beef Sticks, Mild, 12 Individually Wrapped Sticks"
1541980!item.en-US,"{""review_count"": {""old"": ""10"", ""new"": ""11""}, ""review_ratings"": {""old"": ""4.699999809265137"", ""new"": ""4.72730016708374""}}","Organic Full Thread Spanish Saffron, 5 Gram Jar"
1544686!item.en-US,"{""review_count"": {""old"": ""140"", ""new"": ""142""}, ""review_ratings"": {""old"": ""4.685699939727783"", ""new"": ""4.690100193023682""}}","Nellie's Floor Care, 25 fl oz, 3-count"
1550282!item.en-US,"{""review_count"": {""old"": ""505"", ""new"": ""506""}, ""review_ratings"": {""old"": ""4.617800235748291"", ""new"": ""4.618599891662598""}}","Northfork Bison Burger (30/5.33 Oz Per Burger), 10 Total Packs, 30-Count"
1550663!item.en-US,"{""review_count"": {""old"": ""131"", ""new"": ""132""}, ""review_ratings"": {""old"": ""4.618299961090088"", ""new"": ""4.621200084686279""}}","Northfork Bison Trio of Ground Meats, Total 9 Packs, 9 Lbs. Total"
1552274!item.en-US,"{""review_count"": {""old"": ""123"", ""new"": ""128""}, ""review_ratings"": {""old"": ""2.5041000843048096"", ""new"": ""2.523400068283081""}}","Naturally More Organic Peanut Butter, Creamy, 28 oz, 2-count"
1564814!item.en-US,"{""review_count"": {""old"": ""741"", ""new"": ""743""}, ""review_ratings"": {""old"": ""4.781400203704834"", ""new"": ""4.7820000648498535""}}","Simple Mills Almond Flour Sea Salt Crackers, 10 oz, 2-count"
1570204!item.en-US,"{""review_count"": {""old"": ""250"", ""new"": ""251""}, ""review_ratings"": {""old"": ""3.436000108718872"", ""new"": ""3.438199996948242""}}","Northwest Red King Salmon Portions, 12 Total Count, 1 Case Totaling 6 Lbs."
1577193!item.en-US,"{""review_count"": {""old"": ""1600"", ""new"": ""1601""}, ""review_ratings"": {""old"": ""4.621200084686279"", ""new"": ""4.621500015258789""}}","San Francisco Bay Decaf French Roast Whole Bean Coffee 2 lb, 2-pack"
1579656!item.en-US,"{""review_count"": {""old"": ""256"", ""new"": ""257""}, ""review_ratings"": {""old"": ""4.32420015335083"", ""new"": ""4.322999954223633""}}",A Little Bit of Italy Colander Gift Set
1580008!item.en-US,"{""review_count"": {""old"": ""716"", ""new"": ""717""}, ""review_ratings"": {""old"": ""3.814199924468994"", ""new"": ""3.8159000873565674""}}","Kirkland Signature Organic Sumatra Whole Bean Coffee, 2 lbs, 2-pack"
1594705!item.en-US,"{""review_count"": {""old"": ""489"", ""new"": ""490""}, ""review_ratings"": {""old"": ""4.656400203704834"", ""new"": ""4.657100200653076""}}","Peet's Coffee Big Bang Ground, 10.5 oz Bags, 6-pack"
1595645!item.en-US,"{""review_count"": {""old"": ""523"", ""new"": ""524""}, ""review_ratings"": {""old"": ""4.736100196838379"", ""new"": ""4.736599922180176""}}","Peet's Coffee Major Dickason's Blend Whole Bean, 10.5 oz Bags, 6-pack"
1599199!item.en-US,"{""review_count"": {""old"": ""352"", ""new"": ""353""}, ""review_ratings"": {""old"": ""4.764200210571289"", ""new"": ""4.764900207519531""}}","Golden Island Pork Snack Bites, Korean Barbecue, 1.5 oz, 12-count"
1605368!item.en-US,"{""review_count"": {""old"": ""2"", ""new"": ""3""}, ""review_ratings"": {""old"": ""3.0"", ""new"": ""3.6666998863220215""}}","Ottavio Avocado Oil, 2 L"
1617506!item.en-US,"{""review_count"": {""old"": ""372"", ""new"": ""375""}, ""review_ratings"": {""old"": ""4.658599853515625"", ""new"": ""4.661300182342529""}}","Kirkland Signature Organic Whole Cashews, Unsalted, Unroasted, 2.5 lbs"
1617507!item.en-US,"{""review_count"": {""old"": ""537"", ""new"": ""538""}, ""review_ratings"": {""old"": ""4.716899871826172"", ""new"": ""4.71750020980835""}}","Kirkland Signature Fancy Whole Cashews, Unsalted, 2.5 lbs"
1618252!item.en-US,"{""review_count"": {""old"": ""522"", ""new"": ""523""}, ""review_ratings"": {""old"": ""4.770100116729736"", ""new"": ""4.770599842071533""}}","Nature's Bakery Fig Bar, Variety Pack, 2 oz, 40-count"
1625149!item.en-US,"{""review_count"": {""old"": ""1752"", ""new"": ""1756""}, ""review_ratings"": {""old"": ""4.5731000900268555"", ""new"": ""4.573999881744385""}}","Duracell Coppertop Alkaline AA Batteries, 40-count"
1627198!item.en-US,"{""review_count"": {""old"": ""679"", ""new"": ""681""}, ""review_ratings"": {""old"": ""4.729000091552734"", ""new"": ""4.729800224304199""}}","Duracell Coppertop Alkaline AAA Batteries, 40-count"
1627770!item.en-US,"{""review_count"": {""old"": ""586"", ""new"": ""587""}, ""review_ratings"": {""old"": ""4.684299945831299"", ""new"": ""4.684800148010254""}}","Frito Lay Classic Mix, 1 oz, Variety Pack, 54-count"
1635933!item.en-US,"{""review_count"": {""old"": ""842"", ""new"": ""843""}, ""review_ratings"": {""old"": ""4.6697998046875"", ""new"": ""4.670199871063232""}}","Mayorga Decaf Café Cubano Roast, USDA Organic, Dark Roast, Whole Bean Coffee, 2lb, 2-pack"
1636379!item.en-US,"{""review_count"": {""old"": ""482"", ""new"": ""483""}, ""review_ratings"": {""old"": ""4.497900009155273"", ""new"": ""4.499000072479248""}}","Mayorga Buenos Días, USDA Organic, Light Roast, Whole Bean Coffee, 2lb, 2-pack"
1639705!item.en-US,"{""review_count"": {""old"": ""280"", ""new"": ""281""}, ""review_ratings"": {""old"": ""4.525000095367432"", ""new"": ""4.526700019836426""}}","San Francisco Bay Coffee Organic Rainforest Blend Ground 28oz, 2-pack"
1644605!item.en-US,"{""review_count"": {""old"": ""563"", ""new"": ""565""}, ""review_ratings"": {""old"": ""4.518700122833252"", ""new"": ""4.520400047302246""}}","Lindt Lindor Chocolate Truffles, Assorted Flavors, 21.2 oz"
1645578!item.en-US,"{""review_count"": {""old"": ""1470"", ""new"": ""1477""}, ""review_ratings"": {""old"": ""4.595900058746338"", ""new"": ""4.595099925994873""}}","Kirkland Signature Extra Fancy Mixed Nuts, Salted, 2.5 lbs"
1649194!item.en-US,"{""review_count"": {""old"": ""2243"", ""new"": ""2261""}, ""review_ratings"": {""old"": ""4.81279993057251"", ""new"": ""4.813799858093262""}}","Nielsen-Massey Madagascar Bourbon Pure Vanilla Extract, 8 oz., 2-pack"
1649199!item.en-US,"{""review_count"": {""old"": ""985"", ""new"": ""986""}, ""review_ratings"": {""old"": ""4.749199867248535"", ""new"": ""4.749499797821045""}}","Nielsen-Massey Madagascar Bourbon Pure Vanilla Bean Paste, 8 oz."
1650403!item.en-US,"{""review_count"": {""old"": ""196"", ""new"": ""197""}, ""review_ratings"": {""old"": ""4.520400047302246"", ""new"": ""4.5177998542785645""}}","Crescent Foods Halal Hand Cut Steak Locker, 16 Total Packs, 9 Lbs. Total"
1650527!item.en-US,"{""review_count"": {""old"": ""135"", ""new"": ""136""}, ""review_ratings"": {""old"": ""3.651900053024292"", ""new"": ""3.661799907684326""}}","Japanese A5 Wagyu Ribeye Steaks, (3/16 Oz. Steaks), 3 Total Packs, 3 Lbs. Total"
1652577!item.en-US,"{""review_count"": {""old"": ""963"", ""new"": ""965""}, ""review_ratings"": {""old"": ""4.753900051116943"", ""new"": ""4.75439977645874""}}","Kirkland Signature Extra Fancy Mixed Nuts, Unsalted, 2.5 lbs"
1652990!item.en-US,"{""review_count"": {""old"": ""932"", ""new"": ""933""}, ""review_ratings"": {""old"": ""4.16949987411499"", ""new"": ""4.168300151824951""}}","Kirkland Signature Premoistened Flushable Wipes, Fragrance Free, 640-count"
1660437!item.en-US,"{""review_count"": {""old"": ""799"", ""new"": ""801""}, ""review_ratings"": {""old"": ""4.739699840545654"", ""new"": ""4.740300178527832""}}","Folgers Classic Roast Ground Coffee, Medium, 43.5 oz"
1664082!item.en-US,"{""review_count"": {""old"": ""82"", ""new"": ""83""}, ""review_ratings"": {""old"": ""4.6707000732421875"", ""new"": ""4.674699783325195""}}","OREO Chocolate Sandwich Cookies, Stay Fresh Packs, 12-Count"
1664590!item.en-US,"{""review_count"": {""old"": ""88"", ""new"": ""93""}, ""review_ratings"": {""old"": ""4.704500198364258"", ""new"": ""4.69890022277832""}}",Alaska Dungeness Crab Clusters - 10lbs. Total
1665861!item.en-US,"{""review_count"": {""old"": ""678"", ""new"": ""681""}, ""review_ratings"": {""old"": ""4.632699966430664"", ""new"": ""4.634399890899658""}}","Alaska Black Cod (Sable Fish) - Individual Packed Portions (19-25/6-8 Oz. Per Portion), 1 Case Totaling 10 Lbs."
1669178!item.en-US,"{""review_count"": {""old"": ""153"", ""new"": ""155""}, ""review_ratings"": {""old"": ""4.679699897766113"", ""new"": ""4.671000003814697""}}",Vacaville Fruit Company Sweet and Savory Nut Tray 2.12 lbs
1670753!item.en-US,"{""review_count"": {""old"": ""95"", ""new"": ""96""}, ""review_ratings"": {""old"": ""4.326300144195557"", ""new"": ""4.3333001136779785""}}","Caffe Vita Coffee Theo Blend Whole Bean, Medium-Dark Roast, 2 lb. bags, 2-pack"
1675520!item.en-US,"{""review_count"": {""old"": ""164"", ""new"": ""165""}, ""review_ratings"": {""old"": ""4.445099830627441"", ""new"": ""4.448500156402588""}}","Think Jerky Grass Fed Beef Sticks, Original, 1 oz, 20-count"
1675745!item.en-US,"{""review_count"": {""old"": ""748"", ""new"": ""749""}, ""review_ratings"": {""old"": ""4.680500030517578"", ""new"": ""4.6809000968933105""}}","Nonni’s Biscotti, Almond Dark Chocolate, 25-count"
1676829!item.en-US,"{""review_count"": {""old"": ""921"", ""new"": ""922""}, ""review_ratings"": {""old"": ""4.517899990081787"", ""new"": ""4.518400192260742""}}","Heaton Pecans Roasted Salted Pecans, Chocolate Covered Pecans, Praline Pecan Tin 2.3 lb Total"
1676843!item.en-US,"{""review_count"": {""old"": ""746"", ""new"": ""747""}, ""review_ratings"": {""old"": ""4.62060022354126"", ""new"": ""4.621099948883057""}}","DJ&A Shiitake Mushroom Crisps 10.58 oz. bag, 5-pack"
1680961!item.en-US,"{""review_count"": {""old"": ""321"", ""new"": ""322""}, ""review_ratings"": {""old"": ""4.1682000160217285"", ""new"": ""4.167699813842773""}}","The Balanced Company, Healthy Snack Box, 50-piece"
1681343!item.en-US,"{""review_count"": {""old"": ""342"", ""new"": ""343""}, ""review_ratings"": {""old"": ""4.625699996948242"", ""new"": ""4.626800060272217""}}",Godiva Assorted Chocolate Gold Collection Gift Box 36-pieces
1685578!item.en-US,"{""review_count"": {""old"": ""661"", ""new"": ""662""}, ""review_ratings"": {""old"": ""4.901700019836426"", ""new"": ""4.901800155639648""}}","Bibigo, Cooked Sticky White Rice Bowls, Medium Grain, 7.4 oz, 12-Count"
1689040!item.en-US,"{""review_count"": {""old"": ""115"", ""new"": ""116""}, ""review_ratings"": {""old"": ""3.4173998832702637"", ""new"": ""3.413800001144409""}}","Quality Halal Cut Beef Oxtail, 5 Total Packs, 11 Lbs. Total"
1694269!item.en-US,"{""review_count"": {""old"": ""157"", ""new"": ""159""}, ""review_ratings"": {""old"": ""4.847099781036377"", ""new"": ""4.849100112915039""}}","Nutella B-Ready Crispy Wafers Filled with Nutella, 0.7 oz, 36-count"
169750!item.en-US,"{""review_count"": {""old"": ""364"", ""new"": ""365""}, ""review_ratings"": {""old"": ""4.107100009918213"", ""new"": ""4.109600067138672""}}","Dawn Professional Dish Detergent, Original, 1 gal"
1698091!item.en-US,"{""review_count"": {""old"": ""162"", ""new"": ""163""}, ""review_ratings"": {""old"": ""4.296299934387207"", ""new"": ""4.288300037384033""}}",Tsar Nicoulai Baerii Caviar 2 oz. Gift Set
1700048!item.en-US,"{""review_count"": {""old"": ""445"", ""new"": ""446""}, ""review_ratings"": {""old"": ""4.833700180053711"", ""new"": ""4.8317999839782715""}}","Tide Pods HE Laundry Detergent Pods, Free & Gentle, 152-count"
1700118!item.en-US,"{""review_count"": {""old"": ""297"", ""new"": ""298""}, ""review_ratings"": {""old"": ""4.340099811553955"", ""new"": ""4.342299938201904""}}","Skinny Dipped Cups, Dark Chocolate Peanut Butter, 30-count"
1707643!item.en-US,"{""review_count"": {""old"": ""491"", ""new"": ""492""}, ""review_ratings"": {""old"": ""4.751500129699707"", ""new"": ""4.751999855041504""}}","Milano Cookies, Double Dark Chocolate, 0.98 oz, 30-count"
1717745!item.en-US,"{""review_count"": {""old"": ""245"", ""new"": ""246""}, ""review_ratings"": {""old"": ""4.750999927520752"", ""new"": ""4.751999855041504""}}",G2G Protein Bar Variety 3-pack (24 Total Bars)
171859!item.en-US,"{""review_count"": {""old"": ""1070"", ""new"": ""1072""}, ""review_ratings"": {""old"": ""4.690700054168701"", ""new"": ""4.691199779510498""}}","Famous Amos Cookies, Chocolate Chip, 2 oz, 42-count"
1725160!item.en-US,"{""review_count"": {""old"": ""608"", ""new"": ""609""}, ""review_ratings"": {""old"": ""4.717100143432617"", ""new"": ""4.717599868774414""}}","Tide Pods HE Laundry Detergent Pods, Spring Meadow, 156-count"
1725830!item.en-US,"{""review_count"": {""old"": ""431"", ""new"": ""432""}, ""review_ratings"": {""old"": ""4.561500072479248"", ""new"": ""4.5625""}}","Kirkland Signature Fabric Softener Sheets, 250-count, 2-pack"
1725952!item.en-US,"{""review_count"": {""old"": ""2742"", ""new"": ""2744""}, ""review_ratings"": {""old"": ""4.70389986038208"", ""new"": ""4.704100131988525""}}","Kirkland Signature Ultra Soft Bath Tissue, 2-Ply, 231 Sheets, 36 Rolls"
1726068!item.en-US,"{""review_count"": {""old"": ""671"", ""new"": ""672""}, ""review_ratings"": {""old"": ""4.548399925231934"", ""new"": ""4.549099922180176""}}","Kirkland Signature Espresso Blend Whole Bean Coffee, Dark Roast, 2.5 lbs"
1732802!item.en-US,"{""review_count"": {""old"": ""684"", ""new"": ""685""}, ""review_ratings"": {""old"": ""4.811399936676025"", ""new"": ""4.811699867248535""}}","Kirkland Signature Sweet Heat Snack Mix, 24 oz"
1735359!item.en-US,"{""review_count"": {""old"": ""6"", ""new"": ""7""}, ""review_ratings"": {""old"": ""2.3333001136779785"", ""new"": ""2.7142999172210693""}}","Kirkland Signature Mild Italian Sausage, 3.5 lbs"
1736931!item.en-US,"{""review_count"": {""old"": ""8"", ""new"": ""10""}, ""review_ratings"": {""old"": ""3.25"", ""new"": ""2.799999952316284""}}","Kirkland Signature Lightly Breaded Chicken Breast Chunks, 4 lbs"
1743547!item.en-US,"{""review_count"": {""old"": ""55"", ""new"": ""56""}, ""review_ratings"": {""old"": ""4.545499801635742"", ""new"": ""4.553599834442139""}}",Gourmet Weekend Getaway Cooler Gift Set
1744497!item.en-US,"{""review_count"": {""old"": ""526"", ""new"": ""527""}, ""review_ratings"": {""old"": ""4.401100158691406"", ""new"": ""4.394700050354004""}}","Silver Fern Farms 100% New Zealand Grass-Fed, Net Carbon Zero Steak Box - 10 Total Packs, 6.25 Lbs. Total"
1747572!item.en-US,"{""review_count"": {""old"": ""321"", ""new"": ""322""}, ""review_ratings"": {""old"": ""4.869200229644775"", ""new"": ""4.86959981918335""}}","Kirkland Signature Organic Hemp Hearts, 3-pack (6 lbs Total)"
1750411!item.en-US,"{""review_count"": {""old"": ""134"", ""new"": ""135""}, ""review_ratings"": {""old"": ""4.432799816131592"", ""new"": ""4.436999797821045""}}","Hebert Mansion Medley Holiday Tin, 2.15 lbs Total"
1753939!item.en-US,"{""review_count"": {""old"": ""41"", ""new"": ""42""}, ""review_ratings"": {""old"": ""3.878000020980835"", ""new"": ""3.809499979019165""}}","A'cappella Chocuterie Gift Set, 28 oz. Total"
1755441!item.en-US,"{""review_count"": {""old"": ""453"", ""new"": ""454""}, ""review_ratings"": {""old"": ""4.7769999504089355"", ""new"": ""4.777500152587891""}}","Kirkland Signature Flex-Tech 33-Gallon Trash Bag, 90-count"
1755444!item.en-US,"{""review_count"": {""old"": ""241"", ""new"": ""242""}, ""review_ratings"": {""old"": ""4.684599876403809"", ""new"": ""4.685999870300293""}}","Kirkland Signature 50-Gallon Outdoor Trash Bag, 70-count"
1755757!item.en-US,"{""review_count"": {""old"": ""61"", ""new"": ""63""}, ""review_ratings"": {""old"": ""4.7540998458862305"", ""new"": ""4.761899948120117""}}",Mrs Prindables Grand Fall Caramel Apple Gift Basket
1759305!item.en-US,"{""review_count"": {""old"": ""482"", ""new"": ""483""}, ""review_ratings"": {""old"": ""4.838200092315674"", ""new"": ""4.838500022888184""}}","Utah Truffles Dark Chocolate Truffles With Sea Salt 16 oz, 2-pack"
1760616!item.en-US,"{""review_count"": {""old"": ""64"", ""new"": ""65""}, ""review_ratings"": {""old"": ""4.875"", ""new"": ""4.8769001960754395""}}","GoGo SqueeZ, Organic Applesauce, Variety Pack, 3.2 oz, 28-Count"
1761722!item.en-US,"{""review_count"": {""old"": ""277"", ""new"": ""278""}, ""review_ratings"": {""old"": ""4.552299976348877"", ""new"": ""4.553999900817871""}}","RXBAR Protein Bars, Variety Pack, 14-count"
1764686!item.en-US,"{""review_count"": {""old"": ""74"", ""new"": ""75""}, ""review_ratings"": {""old"": ""3.5810999870300293"", ""new"": ""3.5467000007629395""}}","Chocolate Covered Company, Premium Dried Fruit & Mendiant Gift Tray"
1767102!item.en-US,"{""review_count"": {""old"": ""215"", ""new"": ""216""}, ""review_ratings"": {""old"": ""4.590700149536133"", ""new"": ""4.592599868774414""}}","Kirkland Signature Dried Mangoes, Sweetened, 35 oz"
1768166!item.en-US,"{""review_count"": {""old"": ""57"", ""new"": ""59""}, ""review_ratings"": {""old"": ""4.508800029754639"", ""new"": ""4.457600116729736""}}","Underwood Ranches Sriracha Premium Chili Hot Sauce, 17 oz, 2-count"
1770137!item.en-US,"{""review_count"": {""old"": ""1107"", ""new"": ""1108""}, ""review_ratings"": {""old"": ""4.566400051116943"", ""new"": ""4.566800117492676""}}","DUDE Wipes Fragrance-Free + Moisturizing XL Flushable Wipes, 480 Wipes"
17767!item.en-US,"{""review_count"": {""old"": ""8415"", ""new"": ""8416""}}","Kirkland Signature Colombian Coffee, Dark Roast, 3 lbs"
1780981!item.en-US,"{""review_count"": {""old"": ""422"", ""new"": ""423""}, ""review_ratings"": {""old"": ""4.793799877166748"", ""new"": ""4.794300079345703""}}","Joyburst Hydration Drink, Variety Pack, 16.9 fl oz, 18-count"
1784251!item.en-US,"{""review_count"": {""old"": ""172"", ""new"": ""173""}, ""review_ratings"": {""old"": ""4.034900188446045"", ""new"": ""4.040500164031982""}}","VitaCup Shroom Fuel Mushroom Based Coffee Alternative Packets, 2-pack, Total 48 Counts"
1785722!item.en-US,"{""review_count"": {""old"": ""342"", ""new"": ""345""}, ""review_ratings"": {""old"": ""4.73390007019043"", ""new"": ""4.736199855804443""}}",Kirkland Signature Organic Modena Balsamic Vinegar 2-pack (33.8 oz each)
1788968!item.en-US,"{""review_count"": {""old"": ""195"", ""new"": ""196""}, ""review_ratings"": {""old"": ""4.6666998863220215"", ""new"": ""4.668399810791016""}}","IQBAR Plant Protein Bars, Variety Pack, 1.6 oz, 18-count"
1789130!item.en-US,"{""review_count"": {""old"": ""383"", ""new"": ""384""}, ""review_ratings"": {""old"": ""4.590099811553955"", ""new"": ""4.591100215911865""}}","Kirkland Signature Ultra Shine Liquid Dish Soap, Fresh, 90 fl. oz."
1795394!item.en-US,"{""review_count"": {""old"": ""281"", ""new"": ""282""}, ""review_ratings"": {""old"": ""4.708199977874756"", ""new"": ""4.709199905395508""}}","IZZE, Sparkling Juice Beverage, Variety Pack, 8.4 fl oz, 24-Count"
1796954!item.en-US,"{""review_count"": {""old"": ""25"", ""new"": ""26""}, ""review_ratings"": {""old"": ""4.480000019073486"", ""new"": ""4.423099994659424""}}","Chocolate Covered Company, 12 Belgian Chocolate Covered Holiday Pretzel Twists, 6 Dark Chocolate, 6 Milk Chocolate"
1796962!item.en-US,"{""review_count"": {""old"": ""15"", ""new"": ""16""}, ""review_ratings"": {""old"": ""4.6666998863220215"", ""new"": ""4.6875""}}",Chocolate Covered Company Belgian Chocolate Covered Cookie Gift Basket
1798450!item.en-US,"{""review_count"": {""old"": ""741"", ""new"": ""742""}, ""review_ratings"": {""old"": ""4.623499870300293"", ""new"": ""4.624000072479248""}}","Orgain 30g Milk Protein Shake, Chocolate Fudge, 11 fl oz, 18-pack"
1799762!item.en-US,"{""review_count"": {""old"": ""639"", ""new"": ""640""}, ""review_ratings"": {""old"": ""4.604100227355957"", ""new"": ""4.604700088500977""}}","Jose’s 100% Colombia Supremo Whole Bean Coffee, Medium, 3lbs, 2-pack"
1800413!item.en-US,"{""review_count"": {""old"": ""124"", ""new"": ""125""}, ""review_ratings"": {""old"": ""4.7581000328063965"", ""new"": ""4.760000228881836""}}","Dove Advanced Care Invisible+ Deodorant, 2.6 oz, 4-pack"
1806386!item.en-US,"{""review_count"": {""old"": ""984"", ""new"": ""985""}, ""review_ratings"": {""old"": ""4.6819000244140625"", ""new"": ""4.678199768066406""}}","Duracell D Alkaline Batteries, 14-count"
1812863!item.en-US,"{""review_count"": {""old"": ""127"", ""new"": ""128""}, ""review_ratings"": {""old"": ""4.795300006866455"", ""new"": ""4.796899795532227""}}","Nutella Biscuits, 9.7 oz, 4-count"
1824110!item.en-US,"{""review_count"": {""old"": ""133"", ""new"": ""134""}, ""review_ratings"": {""old"": ""4.721799850463867"", ""new"": ""4.723899841308594""}}","Old Spice Deodorant for Men, Pure Sport High Endurance, 3 oz, 5-pack"
1826983!item.en-US,"{""review_count"": {""old"": ""657"", ""new"": ""658""}, ""review_ratings"": {""old"": ""4.764100074768066"", ""new"": ""4.764400005340576""}}",Comvita Certified UMF 20+ (MGO 829+) Raw Manuka Honey 8.8 oz (2-pack)
1828359!item.en-US,"{""review_count"": {""old"": ""23"", ""new"": ""24""}, ""review_ratings"": {""old"": ""4.739099979400635"", ""new"": ""4.75""}}",Mifroma Raclette Whole Wheel Cheese 11 lbs.
1830169!item.en-US,"{""review_count"": {""old"": ""674"", ""new"": ""675""}, ""review_ratings"": {""old"": ""4.586100101470947"", ""new"": ""4.580699920654297""}}",Terra Delyssa Organic Pitted Deglet Noor Dates 2-pack (44 oz. each)
1833299!item.en-US,"{""review_count"": {""old"": ""13"", ""new"": ""14""}, ""review_ratings"": {""old"": ""4.846199989318848"", ""new"": ""4.857100009918213""}}","Olde Thompson Ground Nutmeg, 20.1 oz"
1833411!item.en-US,"{""review_count"": {""old"": ""232"", ""new"": ""233""}, ""review_ratings"": {""old"": ""4.314700126647949"", ""new"": ""4.317599773406982""}}","Alani Nu Energy Drink, Variety Pack, 12 fl oz, 18-count"
1837643!item.en-US,"{""review_count"": {""old"": ""360"", ""new"": ""363""}, ""review_ratings"": {""old"": ""4.5055999755859375"", ""new"": ""4.5096001625061035""}}","Wild Alaska Coho Salmon Portions, Total 10Lbs."
1838973!item.en-US,"{""review_count"": {""old"": ""77"", ""new"": ""79""}, ""review_ratings"": {""old"": ""4.480500221252441"", ""new"": ""4.455699920654297""}}","Grass Fed New Zealand Lamb Premium Selection Box, 9.63 lbs"
1843108!item.en-US,"{""review_count"": {""old"": ""109"", ""new"": ""110""}, ""review_ratings"": {""old"": ""4.761499881744385"", ""new"": ""4.754499912261963""}}","Kirkland Signature Gallon Plus Freezer Bags, 192-count"
1843112!item.en-US,"{""review_count"": {""old"": ""105"", ""new"": ""106""}, ""review_ratings"": {""old"": ""4.5619001388549805"", ""new"": ""4.565999984741211""}}","Kirkland Signature Freezer Quart Plus Bags, 264-count"
1848101!item.en-US,"{""review_count"": {""old"": ""326"", ""new"": ""328""}, ""review_ratings"": {""old"": ""4.739299774169922"", ""new"": ""4.740900039672852""}}","Cascade Complete Dishwasher Detergent ActionPacs, Fresh, 93-count"
1848583!item.en-US,"{""deliveryStatus"": {""old"": ""out of stock"", ""new"": ""in stock""}, ""availability"": {""old"": ""out of stock"", ""new"": ""in stock""}}","Collin Street Bakery Cake Bites Bundle, DeLuxe Fruitcake & Pineapple Pecan Cake, 2-pack, 24 Bites Total"
1848874!item.en-US,"{""review_count"": {""old"": ""142"", ""new"": ""143""}, ""review_ratings"": {""old"": ""4.626800060272217"", ""new"": ""4.62939977645874""}}","Northfork Elk Ground (10/1Lb. Packs), 10Lbs Total"
1851141!item.en-US,"{""review_count"": {""old"": ""163"", ""new"": ""166""}, ""review_ratings"": {""old"": ""4.693299770355225"", ""new"": ""4.698800086975098""}}","BUILT Puff Protein Bar, Variety Pack, 1.41 oz, 14-count"
1853637!item.en-US,"{""review_count"": {""old"": ""90"", ""new"": ""91""}, ""review_ratings"": {""old"": ""4.288899898529053"", ""new"": ""4.2967000007629395""}}","San Francisco Bay Coffee Bay Bridge Blend Ground 28oz, 2-pack"
1853643!item.en-US,"{""review_count"": {""old"": ""114"", ""new"": ""115""}, ""review_ratings"": {""old"": ""4.394700050354004"", ""new"": ""4.373899936676025""}}","San Francisco Bay Coffee DECAF Bay Bridge Blend Ground 28oz, 2-pack"
1855191!item.en-US,"{""review_count"": {""old"": ""40"", ""new"": ""41""}, ""review_ratings"": {""old"": ""4.775000095367432"", ""new"": ""4.7804999351501465""}}","Mr. Yoshida's Marinade & Cooking Sauce, Original Gourmet, 86 oz"
1857160!item.en-US,"{""review_count"": {""old"": ""10"", ""new"": ""11""}, ""review_ratings"": {""old"": ""3.700000047683716"", ""new"": ""3.81820011138916""}}","Kirkland Signature Grass-fed Beef Sticks, 1.15 oz, 12-count"
1858648!item.en-US,"{""review_count"": {""old"": ""40"", ""new"": ""42""}, ""review_ratings"": {""old"": ""4.375"", ""new"": ""4.38100004196167""}}","Hickory Farms Happy Holidays Meat & Cheese Gift Box, 1.45 lbs Total"
1865858!item.en-US,"{""review_count"": {""old"": ""165"", ""new"": ""167""}, ""review_ratings"": {""old"": ""4.81820011138916"", ""new"": ""4.820400238037109""}}","Scrubbing Bubbles Bathroom Disinfectant, Citrus, 25 fl oz, 4-count"
1865877!item.en-US,"{""review_count"": {""old"": ""57"", ""new"": ""58""}, ""review_ratings"": {""old"": ""4.894700050354004"", ""new"": ""4.896599769592285""}}","UNREAL Dark Chocolate, Variety Pack, 15.4 oz"
1872607!item.en-US,"{""review_count"": {""old"": ""17"", ""new"": ""18""}, ""review_ratings"": {""old"": ""4.941199779510498"", ""new"": ""4.944399833679199""}}","Charms Mini Pops, Assorted Flavors, 350-count"
1873060!item.en-US,"{""review_count"": {""old"": ""13"", ""new"": ""14""}, ""review_ratings"": {""old"": ""3.076900005340576"", ""new"": ""2.9286000728607178""}}","Kirkland Signature Mini Muffin Bites, Chocolate Chip, 1.65 oz, 20-count"
1876892!item.en-US,"{""review_count"": {""old"": ""19"", ""new"": ""20""}, ""review_ratings"": {""old"": ""3.578900098800659"", ""new"": ""3.6500000953674316""}}","Lobster Bisque, 10 -16 oz. Bags, 10 lb Total"
1877875!item.en-US,"{""review_count"": {""old"": ""525"", ""new"": ""526""}, ""review_ratings"": {""old"": ""4.440000057220459"", ""new"": ""4.435400009155273""}}","Cottonelle Ultra Comfort Bath Tissue, 2-ply, 269 Sheets, 36 Rolls"
1877915!item.en-US,"{""review_count"": {""old"": ""339"", ""new"": ""340""}, ""review_ratings"": {""old"": ""4.6666998863220215"", ""new"": ""4.667600154876709""}}","Cottonelle Ultra Clean Bath Tissue, 1-Ply, 313 Sheets, 36 Rolls"
1880059!item.en-US,"{""review_count"": {""old"": ""354"", ""new"": ""356""}, ""review_ratings"": {""old"": ""4.2993998527526855"", ""new"": ""4.297800064086914""}}","Libanais Baklava Assortment, 100 Pieces, 4 lb Total"
1884307!item.en-US,"{""review_count"": {""old"": ""11013"", ""new"": ""11016""}}","David's Cookies Butter Pecan Meltaways, 3 Pack, 6 lb Total"
1886106!item.en-US,"{""review_count"": {""old"": ""666"", ""new"": ""668""}, ""review_ratings"": {""old"": ""1.7431999444961548"", ""new"": ""1.7410000562667847""}}","Oral-B Glide Advanced Multi-Protection Floss, 6-pack"
1889147!item.en-US,"{""review_count"": {""old"": ""119"", ""new"": ""120""}, ""review_ratings"": {""old"": ""4.571400165557861"", ""new"": ""4.574999809265137""}}","Cleancult Liquid Laundry Detergent, Juniper Sandalwood, 192 Loads, 96 fl oz"
1893761!item.en-US,"{""review_count"": {""old"": ""0"", ""new"": ""1""}, ""review_ratings"": {""old"": ""0.0"", ""new"": ""4.0""}}","Downy Comfy Cozy In-wash Softening Booster Beads, Seaside Spa, 31.2 oz"
1894772!item.en-US,"{""review_count"": {""old"": ""218"", ""new"": ""219""}, ""review_ratings"": {""old"": ""4.385300159454346"", ""new"": ""4.3881001472473145""}}","Nellie's Auto Dish Cubed Dishwasher Cubes, Unscented, 128-count"
1897217!item.en-US,"{""review_count"": {""old"": ""4197"", ""new"": ""4198""}, ""review_ratings"": {""old"": ""4.8125"", ""new"": ""4.812099933624268""}}","Ziploc Seal Top Freezer Bag, Gallon, 136-count"
1899021!item.en-US,"{""review_count"": {""old"": ""6601"", ""new"": ""6602""}, ""review_ratings"": {""old"": ""4.8541998863220215"", ""new"": ""4.854300022125244""}}","Peet's Coffee Major Dickason’s Blend Single Serve Pods, 75-count"
1902857!item.en-US,"{""review_ratings"": {""old"": ""4.2982001304626465"", ""new"": ""4.280700206756592""}}","Waterloo Sparkling Water, Variety Pack, 12 fl oz, 24-count"
1903428!item.en-US,"{""review_count"": {""old"": ""62"", ""new"": ""63""}}","Werther's Original Hard Candy, Caramel, 39.75 oz"
1903884!item.en-US,"{""review_count"": {""old"": ""8"", ""new"": ""9""}, ""review_ratings"": {""old"": ""4.5"", ""new"": ""4.555600166320801""}}","7Days Soft Baked Croissant, Vanilla Filling, 2.65 oz, 12-count"
1907127!item.en-US,"{""review_count"": {""old"": ""41"", ""new"": ""42""}, ""review_ratings"": {""old"": ""4.292699813842773"", ""new"": ""4.309500217437744""}}","Swiffer Sweep + Mop Deluxe Sweeping Kit, 1 Sweeper + 30 Refills"
1911105!item.en-US,"{""review_count"": {""old"": ""70"", ""new"": ""71""}, ""review_ratings"": {""old"": ""4.7571001052856445"", ""new"": ""4.70419979095459""}}","Starbucks Pike Place Roast Coffee, Medum Roast, Ground, 32 oz"
1917654!item.en-US,"{""review_count"": {""old"": ""138"", ""new"": ""139""}, ""review_ratings"": {""old"": ""4.68120002746582"", ""new"": ""4.683499813079834""}}","AG1 Daily Foundational Nutrition, 40-count"
1919326!item.en-US,"{""review_count"": {""old"": ""1135"", ""new"": ""1137""}, ""review_ratings"": {""old"": ""4.77269983291626"", ""new"": ""4.773099899291992""}}","Bounty Advanced Paper Towels, 2-Ply, 103 Sheets, 12-count"
1919858!item.en-US,"{""review_count"": {""old"": ""1382"", ""new"": ""1389""}, ""review_ratings"": {""old"": ""4.4899001121521"", ""new"": ""4.48960018157959""}}","Kirkland Signature Favorites Candy Variety, 90 oz"
1939211!item.en-US,"{""review_count"": {""old"": ""47"", ""new"": ""48""}, ""review_ratings"": {""old"": ""4.702099800109863"", ""new"": ""4.7083001136779785""}}","Ekone Original Smoked Oysters, 8 Pack"
1939579!item.en-US,"{""review_count"": {""old"": ""140"", ""new"": ""141""}, ""review_ratings"": {""old"": ""4.42140007019043"", ""new"": ""4.42549991607666""}}","Blueland Toilet Bowl Cleaner Tablets, Peppermint Eucalyptus, 60-count"
1939658!item.en-US,"{""review_count"": {""old"": ""116"", ""new"": ""117""}, ""review_ratings"": {""old"": ""4.5345001220703125"", ""new"": ""4.53849983215332""}}","Blueland Dishwasher Detergent Tablets, Fragrance-Free, 220-count"
1940909!item.en-US,"{""review_count"": {""old"": ""5"", ""new"": ""6""}, ""review_ratings"": {""old"": ""4.800000190734863"", ""new"": ""4.5""}}","Kirkland Signature Daily Dry Facial Towels, 200-count"
1941128!item.en-US,"{""review_count"": {""old"": ""66"", ""new"": ""67""}, ""review_ratings"": {""old"": ""4.742400169372559"", ""new"": ""4.746300220489502""}}","Bai Antioxidant Beverage, Coconut Variety Pack, 18 fl oz, 15-count"
194192!item.en-US,"{""review_count"": {""old"": ""381"", ""new"": ""382""}, ""review_ratings"": {""old"": ""4.160099983215332"", ""new"": ""4.162300109863281""}}","Marathon 100% Recycled Paper Towel, Brown, 1-Ply, 350 ft Rolls, 12-count"
1943147!item.en-US,"{""review_count"": {""old"": ""36"", ""new"": ""37""}, ""review_ratings"": {""old"": ""3.1110999584198"", ""new"": ""3.1621999740600586""}}","Starbucks Season's Cheer Blend Coffee, Medium Roast, Whole Bean, 2 lbs"
1946155!item.en-US,"{""review_count"": {""old"": ""12"", ""new"": ""14""}, ""review_ratings"": {""old"": ""4.8333001136779785"", ""new"": ""4.571400165557861""}}",SLAPP Organic Variety Pack Daily Booster Shots  48-count
1946980!item.en-US,"{""review_count"": {""old"": ""35"", ""new"": ""36""}, ""review_ratings"": {""old"": ""4.714300155639648"", ""new"": ""4.7221999168396""}}","Poppi Soda, Juicy Faves Variety Pack, 12 fl oz, 15-count"
1949690!item.en-US,"{""review_count"": {""old"": ""83"", ""new"": ""84""}, ""review_ratings"": {""old"": ""4.747000217437744"", ""new"": ""4.75""}}","Febreze Air Mist Odor-Fighting Air Freshener, Variety Pack, 8.1 fl oz, 4-count"
1950285!item.en-US,"{""price"": {""old"": ""27.99"", ""new"": ""39.99""}, ""listPrice"": {""old"": ""27.99"", ""new"": ""39.99""}}","Dropps Ultrawash Biobased* Power Dishwasher Detergent Pacs, Lemon Citrus, 128-count"
1951907!item.en-US,"{""review_count"": {""old"": ""77"", ""new"": ""78""}, ""review_ratings"": {""old"": ""4.792200088500977"", ""new"": ""4.794899940490723""}}",Comvita Certified UMF 18+ (MGO 696+) Raw Manuka Honey (17.6 oz)
1952!item.en-US,"{""price"": {""old"": ""9.99"", ""new"": ""12.99""}, ""listPrice"": {""old"": ""14.99"", ""new"": ""17.99""}, ""review_count"": {""old"": ""884"", ""new"": ""886""}, ""review_ratings"": {""old"": ""4.748899936676025"", ""new"": ""4.7494001388549805""}}","Nature Valley Sweet and Salty Granola Bar, Peanut, 1.2 oz, 48-count"
1954666!item.en-US,"{""review_count"": {""old"": ""31"", ""new"": ""34""}, ""review_ratings"": {""old"": ""2.225800037384033"", ""new"": ""2.323499917984009""}}","Tender Soft Paper Towels, 2-ply, 110 Sheets, 12 Rolls"
1954839!item.en-US,"{""review_count"": {""old"": ""5"", ""new"": ""7""}}","Godiva Masterpieces Dark Chocolate Ganache, 15.1 oz., 4-pack, 60.4 oz. Total"
1956343!item.en-US,"{""review_count"": {""old"": ""46"", ""new"": ""47""}, ""review_ratings"": {""old"": ""4.695700168609619"", ""new"": ""4.6809000968933105""}}","Dunkin' Donuts Original Blend Coffee, Medium Roast, Ground, 40 oz"
1957384!item.en-US,"{""review_count"": {""old"": ""29"", ""new"": ""31""}, ""review_ratings"": {""old"": ""4.379300117492676"", ""new"": ""4.419400215148926""}}","Mars Minis Chocolate Candy, Variety Pack, 200-count"
1965229!item.en-US,"{""review_count"": {""old"": ""17"", ""new"": ""18""}, ""review_ratings"": {""old"": ""4.294099807739258"", ""new"": ""4.2778000831604""}}","Caboo Bamboo Facial Tissue, 3-Ply, 60 Sheets, 12-count"
1966096!item.en-US,"{""review_count"": {""old"": ""52"", ""new"": ""53""}, ""review_ratings"": {""old"": ""4.692299842834473"", ""new"": ""4.622600078582764""}}","Terra Delyssa First Cold Press Extra Virgin Olive Oil, 25.5 fl oz, 3-pack"
1968949!item.en-US,"{""review_count"": {""old"": ""13"", ""new"": ""14""}, ""review_ratings"": {""old"": ""4.6153998374938965"", ""new"": ""4.357100009918213""}}",The Pink Stuff Miracle Cleaning Bundle
1972059!item.en-US,"{""price"": {""old"": ""29.89"", ""new"": ""39.99""}, ""listPrice"": {""old"": ""29.89"", ""new"": ""39.99""}}","Cleancult Liquid Dish Soap, Lemon Verbena, 32 fl oz, 6-count"
1974176!item.en-US,"{""review_count"": {""old"": ""0"", ""new"": ""3""}, ""review_ratings"": {""old"": ""0.0"", ""new"": ""4.6666998863220215""}}","SPAM Variety Gift Set, 9 Tins With Slicer, 108 oz. Total"
1975671!item.en-US,"{""deliveryStatus"": {""old"": ""in stock"", ""new"": ""out of stock""}, ""availability"": {""old"": ""in stock"", ""new"": ""out of stock""}}","Uncle Myron's Holiday Popcorn Cones, Variety Pack, 48 Total Cones"
1976033!item.en-US,"{""review_count"": {""old"": ""30"", ""new"": ""31""}, ""review_ratings"": {""old"": ""4.5"", ""new"": ""4.51609992980957""}}","Béquet Chocolate Caramel Cups 17.1 oz., 2-pack"
1977125!item.en-US,"{""review_count"": {""old"": ""6"", ""new"": ""7""}}","Package Free The Simplest Powder Laundry Detergent, Lavender, 300 Loads, 158 oz"
1980193!item.en-US,"{""review_count"": {""old"": ""1"", ""new"": ""2""}, ""review_ratings"": {""old"": ""5.0"", ""new"": ""4.0""}}",Blue Magic Seafood Golden Tile Fish Fillets 10 lbs. 8-16oz Portions
1984539!item.en-US,"{""review_count"": {""old"": ""46"", ""new"": ""48""}, ""review_ratings"": {""old"": ""4.739099979400635"", ""new"": ""4.75""}}","Charmin Ultra Soft Bath Tissue, 2-Ply, 213 Sheets, 30 Rolls"
1984704!item.en-US,"{""review_count"": {""old"": ""13"", ""new"": ""14""}, ""review_ratings"": {""old"": ""4.230800151824951"", ""new"": ""4.071400165557861""}}","Cleancult Toilet Bowl Cleaner Sheets, Fresh Lemon, 256-count"
1985132!item.en-US,"{""review_count"": {""old"": ""6"", ""new"": ""7""}, ""review_ratings"": {""old"": ""4.1666998863220215"", ""new"": ""4.857100009918213""}}","Vacaville Fruit Company Dried Fruit & Nut Wood Gift Tray, 40 oz"
1985217!item.en-US,"{""review_count"": {""old"": ""5"", ""new"": ""6""}, ""review_ratings"": {""old"": ""4.199999809265137"", ""new"": ""4.3333001136779785""}}","Godiva Goldmark Assorted Chocolate Gift Box, 4 Pack, 108 Total Pieces"
1985650!item.en-US,"{""review_count"": {""old"": ""3"", ""new"": ""4""}, ""review_ratings"": {""old"": ""4.6666998863220215"", ""new"": ""4.75""}}","Borgo de’ Medici Advent Calendar - Roma, Venezia & Capri 3 Pack Bundle, 36 Total Cookies"
1996939!item.en-US,"{""review_count"": {""old"": ""0"", ""new"": ""1""}, ""review_ratings"": {""old"": ""0.0"", ""new"": ""5.0""}}","Northern Wild Chef's Blend Cultivated Mushrooms, King Oyster, Maitake, French Horn, 3 lbs or 5 lbs"
202195!item.en-US,"{""review_count"": {""old"": ""205"", ""new"": ""206""}, ""review_ratings"": {""old"": ""4.726799964904785"", ""new"": ""4.7281999588012695""}}","SPAM, 25% Less Sodium, 12 oz, 8-Count"
203444!item.en-US,"{""review_count"": {""old"": ""5143"", ""new"": ""5147""}, ""review_ratings"": {""old"": ""4.8282999992370605"", ""new"": ""4.828400135040283""}}","Kirkland Signature Pecan Halves, 2 lbs"
208551!item.en-US,"{""review_count"": {""old"": ""1995"", ""new"": ""1996""}, ""review_ratings"": {""old"": ""4.757900238037109"", ""new"": ""4.757999897003174""}}","Swanson Chicken Broth 33% Less Sodium, 14.5 oz, 12-count"
213520!item.en-US,"{""review_count"": {""old"": ""468"", ""new"": ""469""}, ""review_ratings"": {""old"": ""4.497900009155273"", ""new"": ""4.498899936676025""}}","International Delight Liquid Creamer, Hazelnut, 192-count"
21369!item.en-US,"{""review_count"": {""old"": ""6"", ""new"": ""7""}, ""review_ratings"": {""old"": ""4.8333001136779785"", ""new"": ""4.857100009918213""}}","Sour Punch Straws, Blue Raspberry, 2 oz, 24-count"
2171!item.en-US,"{""review_count"": {""old"": ""0"", ""new"": ""15""}, ""review_ratings"": {""old"": ""0.0"", ""new"": ""4.466700077056885""}}","DaVinci Classic Syrup, Hazelnut, 25.4 oz"
2173!item.en-US,"{""review_count"": {""old"": ""0"", ""new"": ""9""}, ""review_ratings"": {""old"": ""0.0"", ""new"": ""4.6666998863220215""}}","DaVinci French Vanilla Syrup, 25.4 oz"
2177!item.en-US,"{""review_count"": {""old"": ""0"", ""new"": ""20""}, ""review_ratings"": {""old"": ""0.0"", ""new"": ""4.75""}}","DaVinci Classic Syrup, Caramel, 25.4 oz"
2178!item.en-US,"{""review_count"": {""old"": ""0"", ""new"": ""32""}, ""review_ratings"": {""old"": ""0.0"", ""new"": ""4.5625""}}","DaVinci Sugar Free Syrup, Vanilla, 25.4 oz"
2189436!item.en-US,"{""review_count"": {""old"": ""12178"", ""new"": ""12180""}, ""review_ratings"": {""old"": ""4.6645002365112305"", ""new"": ""4.664599895477295""}}","Clorox Disinfecting Wipes, Variety Pack, 85-count, 5-pack"
2194736!item.en-US,"{""review_count"": {""old"": ""1853"", ""new"": ""1857""}, ""review_ratings"": {""old"": ""4.69350004196167"", ""new"": ""4.693600177764893""}}","Peet’s Coffee Holiday Blend Single Serve Pods, 60-count"
2194737!item.en-US,"{""review_count"": {""old"": ""9214"", ""new"": ""9217""}, ""review_ratings"": {""old"": ""4.7631001472473145"", ""new"": ""4.763199806213379""}}","Peet's Coffee Decaf House Blend K-Cup Coffee Pods, 60-count"
22000!item.en-US,"{""review_count"": {""old"": ""81"", ""new"": ""82""}, ""review_ratings"": {""old"": ""4.654300212860107"", ""new"": ""4.6585001945495605""}}","Hershey's King Size Milk Chocolate Bars, 2.6 oz, 18-count"
22100!item.en-US,"{""review_count"": {""old"": ""42"", ""new"": ""43""}, ""review_ratings"": {""old"": ""4.8333001136779785"", ""new"": ""4.837200164794922""}}","Hershey's Milk Chocolate with Almonds, King Size, 18-count"
221663!item.en-US,"{""review_count"": {""old"": ""1552"", ""new"": ""1553""}, ""review_ratings"": {""old"": ""4.740300178527832"", ""new"": ""4.740499973297119""}}","Kleenex Ultra Soft Facial Tissue, 3-Ply, 85-count, 12-pack"
2218587!item.en-US,"{""review_count"": {""old"": ""389"", ""new"": ""390""}, ""review_ratings"": {""old"": ""4.588699817657471"", ""new"": ""4.589700222015381""}}","Swiffer Duster Heavy Duty Dusting Kit, 1 Handle + 17 Refills"
2222019!item.en-US,"{""review_count"": {""old"": ""2599"", ""new"": ""2601""}, ""review_ratings"": {""old"": ""4.75029993057251"", ""new"": ""4.750500202178955""}}","Kirkland Signature Organic Ancient Grain Granola, 35.3 oz"
222490!item.en-US,"{""review_count"": {""old"": ""6651"", ""new"": ""6655""}, ""review_ratings"": {""old"": ""4.790900230407715"", ""new"": ""4.7906999588012695""}}","Kirkland Signature Super Extra-Large Peanuts, 2.5 lbs"
2322010!item.en-US,"{""review_count"": {""old"": ""482"", ""new"": ""486""}, ""review_ratings"": {""old"": ""4.180500030517578"", ""new"": ""4.172800064086914""}}","Kirkland Signature Alkaline AA Batteries, 48-count"
2322011!item.en-US,"{""review_count"": {""old"": ""557"", ""new"": ""558""}, ""review_ratings"": {""old"": ""4.420100212097168"", ""new"": ""4.42110013961792""}}","Kirkland Signature Alkaline AAA Batteries, 48-count"
253531!item.en-US,"{""review_count"": {""old"": ""5157"", ""new"": ""5160""}, ""review_ratings"": {""old"": ""4.6707000732421875"", ""new"": ""4.670899868011475""}}",Kirkland Signature Small Formula Chicken & Vegetable Dog Food 20 lb.
2581!item.en-US,"{""review_count"": {""old"": ""0"", ""new"": ""40""}, ""review_ratings"": {""old"": ""0.0"", ""new"": ""4.599999904632568""}}","DaVinci Sugar Free Caramel Syrup, 25.4 oz"
2662877!item.en-US,"{""review_count"": {""old"": ""3250"", ""new"": ""3252""}, ""review_ratings"": {""old"": ""4.5625"", ""new"": ""4.562699794769287""}}","Lysol Advanced Toilet Bowl Cleaner, 32 fl oz, 4-count"
26761!item.en-US,"{""review_count"": {""old"": ""251"", ""new"": ""252""}, ""review_ratings"": {""old"": ""4.434299945831299"", ""new"": ""4.436500072479248""}}","Kirkland Signature Plastic Food Wrap, 12 in x 3,000 ft"
2719640!item.en-US,"{""review_count"": {""old"": ""923"", ""new"": ""926""}, ""review_ratings"": {""old"": ""4.834199905395508"", ""new"": ""4.834799766540527""}}","Tim Hortons Coffee Original Blend K-Cup Pod, 110-count"
2727590!item.en-US,"{""review_count"": {""old"": ""408"", ""new"": ""409""}, ""review_ratings"": {""old"": ""4.816199779510498"", ""new"": ""4.8165998458862305""}}","Cascade Platinum Plus Dishwasher Detergent ActionPacs, Fresh, 82-count"
279783!item.en-US,"{""review_count"": {""old"": ""2808"", ""new"": ""2810""}, ""review_ratings"": {""old"": ""4.721499919891357"", ""new"": ""4.721700191497803""}}","Kirkland Signature, Bacon Crumbles, 20 oz"
284601!item.en-US,"{""review_count"": {""old"": ""4423"", ""new"": ""4424""}, ""review_ratings"": {""old"": ""4.785200119018555"", ""new"": ""4.785299777984619""}}","Kirkland Signature Supreme Whole Almonds, 3 lbs"
296917!item.en-US,"{""review_count"": {""old"": ""1759"", ""new"": ""1761""}, ""review_ratings"": {""old"": ""4.844799995422363"", ""new"": ""4.84499979019165""}}","Dixie Ultra 20 oz Paper Bowl, 135-count"
3006152!item.en-US,"{""review_count"": {""old"": ""60"", ""new"": ""61""}, ""review_ratings"": {""old"": ""4.033299922943115"", ""new"": ""4.049200057983398""}}","Bounce Select a Size Fabric Softener Dryer Sheets, Outdoor Fresh, 400-count"
316689!item.en-US,"{""review_count"": {""old"": ""536"", ""new"": ""537""}, ""review_ratings"": {""old"": ""4.651100158691406"", ""new"": ""4.651800155639648""}}","Lotus Foods, Organic Millet & Brown Rice Ramen, 2.5 oz, 12-Count"
320888!item.en-US,"{""review_count"": {""old"": ""696"", ""new"": ""708""}, ""review_ratings"": {""old"": ""4.71120023727417"", ""new"": ""4.706200122833252""}}","Hershey's Variety Pack, 30-count"
325821!item.en-US,"{""review_count"": {""old"": ""124"", ""new"": ""125""}, ""review_ratings"": {""old"": ""4.629000186920166"", ""new"": ""4.631999969482422""}}","Mentos, Mint, 1.32 oz, 15-count"
3427647!item.en-US,"{""review_count"": {""old"": ""1666"", ""new"": ""1669""}, ""review_ratings"": {""old"": ""4.681300163269043"", ""new"": ""4.678899765014648""}}","Charmin Ultra Strong Bath Tissue, 2-Ply, 220 Sheets, 30 Rolls"
364934!item.en-US,"{""review_count"": {""old"": ""1377"", ""new"": ""1378""}, ""review_ratings"": {""old"": ""4.793000221252441"", ""new"": ""4.7932000160217285""}}","V8, Original Vegetable Juice, 11.5 fl oz, 28-Count"
3704330!item.en-US,"{""review_count"": {""old"": ""881"", ""new"": ""885""}}","Tully's Coffee Hawaiian Blend K-Cups Pods, 80-count"
3719640!item.en-US,"{""review_count"": {""old"": ""54"", ""new"": ""55""}, ""review_ratings"": {""old"": ""4.8333001136779785"", ""new"": ""4.81820011138916""}}","Tim Hortons Coffee 100% Colombian K-Cup Pod, 110-Count"
376052!item.en-US,"{""review_count"": {""old"": ""1937"", ""new"": ""1938""}, ""review_ratings"": {""old"": ""4.747000217437744"", ""new"": ""4.747200012207031""}}","Kirkland Signature Almonds, Milk Chocolate, 3 lb"
376610!item.en-US,"{""review_count"": {""old"": ""46"", ""new"": ""47""}, ""review_ratings"": {""old"": ""4.413000106811523"", ""new"": ""4.42549991607666""}}","Snickers Chocolate Candy Bars, Share Size, 3.29 oz, 24 count"
3818035!item.en-US,"{""review_count"": {""old"": ""437"", ""new"": ""438""}, ""review_ratings"": {""old"": ""4.720799922943115"", ""new"": ""4.721499919891357""}}","The Original Donut Shop Coffee K-Cup Pod, 80-count"
384732!item.en-US,"{""review_count"": {""old"": ""1275"", ""new"": ""1276""}, ""review_ratings"": {""old"": ""4.777299880981445"", ""new"": ""4.7743000984191895""}}","Kirkland Signature, Pure Sea Salt, 30 oz"
3869!item.en-US,"{""review_count"": {""old"": ""164"", ""new"": ""165""}, ""review_ratings"": {""old"": ""4.615900039672852"", ""new"": ""4.618199825286865""}}","Charms Blow Pop, 0.65 oz, Assorted Bubble Gum Filled Pops, 100-count"
3882772!item.en-US,"{""review_count"": {""old"": ""1616"", ""new"": ""1617""}, ""review_ratings"": {""old"": ""4.8119001388549805"", ""new"": ""4.809500217437744""}}","Starbucks Coffee Holiday Blend K-Cup Pod, 72-count"
401621!item.en-US,"{""review_count"": {""old"": ""758"", ""new"": ""759""}, ""review_ratings"": {""old"": ""4.635900020599365"", ""new"": ""4.63640022277832""}}","Hershey's Nuggets Assortment, Variety Pack, 145-count"
401980!item.en-US,"{""review_count"": {""old"": ""328"", ""new"": ""329""}, ""review_ratings"": {""old"": ""4.634099960327148"", ""new"": ""4.635300159454346""}}","Hershey's Miniatures, Variety Pack, 56 oz"
4054232!item.en-US,"{""review_count"": {""old"": ""4692"", ""new"": ""4702""}, ""review_ratings"": {""old"": ""4.812900066375732"", ""new"": ""4.81279993057251""}}","Kirkland Signature Coffee Organic Pacific Bold K-Cup Pod, 120-count"
4054238!item.en-US,"{""review_count"": {""old"": ""2442"", ""new"": ""2448""}, ""review_ratings"": {""old"": ""4.802999973297119"", ""new"": ""4.803100109100342""}}","Kirkland Signature Coffee Organic Breakfast Blend K-Cup Pod, 120-count"
4054240!item.en-US,"{""review_count"": {""old"": ""6656"", ""new"": ""6667""}, ""review_ratings"": {""old"": ""4.716300010681152"", ""new"": ""4.716100215911865""}}","Kirkland Signature Coffee Organic House Decaf K-Cup Pod, 120-count"
4092988!item.en-US,"{""deliveryStatus"": {""old"": ""in stock"", ""new"": ""out of stock""}, ""availability"": {""old"": ""in stock"", ""new"": ""out of stock""}}","Starbucks by Nespresso Original Line Variety Pack Capsules, 60 Count"
4160408!item.en-US,"{""review_count"": {""old"": ""51"", ""new"": ""52""}, ""review_ratings"": {""old"": ""4.803899765014648"", ""new"": ""4.807700157165527""}}","Tide Plus with Ultra Downy Liquid Laundry Detergent, April Fresh, 100 Loads, 128 fl oz"
4160644!item.en-US,"{""review_count"": {""old"": ""202"", ""new"": ""204""}, ""review_ratings"": {""old"": ""4.381199836730957"", ""new"": ""4.382299900054932""}}","Gain +Oxi Liquid Laundry Detergent, Original, 159 Loads, 170 fl oz"
4165769!item.en-US,"{""review_count"": {""old"": ""2010"", ""new"": ""2011""}, ""review_ratings"": {""old"": ""4.731299877166748"", ""new"": ""4.730999946594238""}}","Kirkland Signature Facial Tissue, 3-Ply, 84-count, 12-pack"
42600!item.en-US,"{""review_count"": {""old"": ""296"", ""new"": ""298""}, ""review_ratings"": {""old"": ""4.554100036621094"", ""new"": ""4.557000160217285""}}","Reese's Peanut Butter Cups, Miniatures, 0.31 oz, 105-count"
426292!item.en-US,"{""review_count"": {""old"": ""1790"", ""new"": ""1791""}, ""review_ratings"": {""old"": ""4.8084001541137695"", ""new"": ""4.808499813079834""}}","Arm & Hammer, Pure Baking Soda, 13.5 lbs"
427786!item.en-US,"{""review_count"": {""old"": ""416"", ""new"": ""417""}, ""review_ratings"": {""old"": ""4.646599769592285"", ""new"": ""4.647500038146973""}}","Tang, Drink Mix, Orange, 72 oz"
43607!item.en-US,"{""review_count"": {""old"": ""2696"", ""new"": ""2697""}, ""review_ratings"": {""old"": ""4.708099842071533"", ""new"": ""4.708199977874756""}}","Quaker, Simply Granola, 34.5 oz, 2-Count"
437484!item.en-US,"{""review_count"": {""old"": ""2051"", ""new"": ""2052""}, ""review_ratings"": {""old"": ""4.707900047302246"", ""new"": ""4.708099842071533""}}","Lavazza Caffé Espresso 100% Premium Arabica Coffee, Whole Bean, 2.2 lbs"
438634!item.en-US,"{""review_count"": {""old"": ""329"", ""new"": ""330""}, ""review_ratings"": {""old"": ""4.6230998039245605"", ""new"": ""4.624199867248535""}}","Lance Toasty Cracker Sandwiches, 1.29 oz, 40-count"
438655!item.en-US,"{""review_count"": {""old"": ""513"", ""new"": ""514""}, ""review_ratings"": {""old"": ""4.539999961853027"", ""new"": ""4.540900230407715""}}","Lance Sandwich Crackers, Toastchee, 1.52 oz, 40-count"
445363!item.en-US,"{""review_count"": {""old"": ""1006"", ""new"": ""1007""}, ""review_ratings"": {""old"": ""4.720699787139893"", ""new"": ""4.7210001945495605""}}","York Dark Chocolate Peppermint Patties, 84 oz, 175-count"
446586!item.en-US,"{""review_count"": {""old"": ""3115"", ""new"": ""3116""}}","Quaker Oats Old Fashioned Rolled Oats, 10 lbs"
46242!item.en-US,"{""review_count"": {""old"": ""3966"", ""new"": ""3968""}, ""review_ratings"": {""old"": ""4.758200168609619"", ""new"": ""4.758299827575684""}}","Kirkland Signature Decaffeinated Coffee, Dark Roast, 3 lbs"
468745!item.en-US,"{""review_count"": {""old"": ""63"", ""new"": ""64""}, ""review_ratings"": {""old"": ""4.841300010681152"", ""new"": ""4.843699932098389""}}","E.Frutti Gummi Mini Burger, 60-count"
473590!item.en-US,"{""review_count"": {""old"": ""75"", ""new"": ""76""}, ""review_ratings"": {""old"": ""4.7733001708984375"", ""new"": ""4.776299953460693""}}","Kam Yen Jan Chinese Style Sausage, 21 oz., 2-count"
477403!item.en-US,"{""review_count"": {""old"": ""267"", ""new"": ""268""}, ""review_ratings"": {""old"": ""4.614200115203857"", ""new"": ""4.615699768066406""}}","Del Monte, Canned Cut Green Beans, 14.5 oz, 12-Count"
4873222!item.en-US,"{""review_count"": {""old"": ""2762"", ""new"": ""2763""}, ""review_ratings"": {""old"": ""4.725900173187256"", ""new"": ""4.72599983215332""}}","All Free & Clear Plus+ Liquid Laundry Detergent, 160 Loads, 200 fl oz"
51070!item.en-US,"{""review_count"": {""old"": ""6890"", ""new"": ""6891""}, ""review_ratings"": {""old"": ""4.682700157165527"", ""new"": ""4.682799816131592""}}","Kirkland Signature, Chicken Breast, 12.5 oz, 6-Count"
512086!item.en-US,"{""review_count"": {""old"": ""1920"", ""new"": ""1921""}, ""review_ratings"": {""old"": ""4.485899925231934"", ""new"": ""4.4857001304626465""}}",Kirkland Signature Healthy Weight Cat Food 20 lbs.
512599!item.en-US,"{""review_count"": {""old"": ""36817"", ""new"": ""36834""}, ""review_ratings"": {""old"": ""4.815499782562256"", ""new"": ""4.815400123596191""}}","Kirkland Signature Paper Towels, 2-Ply, 160 Sheets, 12 Individually Wrapped Rolls"
5161251!item.en-US,"{""price"": {""old"": ""19.99"", ""new"": ""23.99""}, ""listPrice"": {""old"": ""19.99"", ""new"": ""23.99""}, ""review_count"": {""old"": ""226"", ""new"": ""228""}, ""review_ratings"": {""old"": ""4.849599838256836"", ""new"": ""4.846499919891357""}}","Downy Unstopables In-Wash Scent Booster Beads, Fresh, 39.9 oz"
516822!item.en-US,"{""review_count"": {""old"": ""4514"", ""new"": ""4517""}, ""review_ratings"": {""old"": ""4.815899848937988"", ""new"": ""4.815999984741211""}}","Kirkland Signature, Organic Chicken Stock, 32 fl oz, 6-Count"
520576!item.en-US,"{""review_count"": {""old"": ""1529"", ""new"": ""1530""}, ""review_ratings"": {""old"": ""4.680799961090088"", ""new"": ""4.681000232696533""}}","ECOS Liquid Laundry Detergent, Magnolia & Lily, 210 Loads, 210 fl oz, 2-count"
521658!item.en-US,"{""review_count"": {""old"": ""1071"", ""new"": ""1072""}, ""review_ratings"": {""old"": ""4.745999813079834"", ""new"": ""4.746300220489502""}}","Ferrero Rocher, Milk Chocolate Hazelnut Candy, 21.2 oz, 48 Count"
522107!item.en-US,"{""price"": {""old"": ""7.99"", ""new"": ""8.49""}, ""listPrice"": {""old"": ""7.99"", ""new"": ""8.49""}}","General Mills, Cheerios Cereal, 20.35 oz, 2-Count"
52296!item.en-US,"{""review_count"": {""old"": ""2745"", ""new"": ""2748""}, ""review_ratings"": {""old"": ""4.6367998123168945"", ""new"": ""4.637199878692627""}}",Kirkland Signature Chicken and Rice Cat Food 25 lbs.
545345!item.en-US,"{""review_count"": {""old"": ""2924"", ""new"": ""2923""}, ""review_ratings"": {""old"": ""4.8053998947143555"", ""new"": ""4.806700229644775""}}","Kirkland Signature In-Shell Pistachios, Salted, 3 lbs"
553499!item.en-US,"{""review_count"": {""old"": ""3688"", ""new"": ""3689""}}","Kirkland Signature, Sunsweet Whole Dried Plums, 3.5 lbs"
55872!item.en-US,"{""review_count"": {""old"": ""956"", ""new"": ""957""}, ""review_ratings"": {""old"": ""4.515699863433838"", ""new"": ""4.51200008392334""}}","Marathon Paper Towel, C-Fold, 2-Ply, 200 Sheets, 12-count"
560519!item.en-US,"{""review_count"": {""old"": ""1362"", ""new"": ""1363""}, ""review_ratings"": {""old"": ""4.791500091552734"", ""new"": ""4.791600227355957""}}","WildRoot's Coastal Berry Trail Mix, 26 oz"
565033!item.en-US,"{""review_count"": {""old"": ""1165"", ""new"": ""1167""}, ""review_ratings"": {""old"": ""4.360499858856201"", ""new"": ""4.3572998046875""}}","Marathon Bath Tissue, 2-Ply, 470 Sheets, 48 Rolls"
603382!item.en-US,"{""review_count"": {""old"": ""2754"", ""new"": ""2755""}, ""review_ratings"": {""old"": ""4.581699848175049"", ""new"": ""4.5817999839782715""}}","Plaza Osetra Farmed Bulgarian Sturgeon Caviar, 2 oz, 3-pack"
620850!item.en-US,"{""review_count"": {""old"": ""1045"", ""new"": ""1046""}, ""review_ratings"": {""old"": ""4.607699871063232"", ""new"": ""4.607999801635742""}}","Nestlé Coffee-mate Liquid Creamer, Original, 180-count"
622061!item.en-US,"{""review_count"": {""old"": ""931"", ""new"": ""932""}, ""review_ratings"": {""old"": ""4.714300155639648"", ""new"": ""4.714600086212158""}}","Snyder's of Hanover Mini Pretzels, 0.9 oz, 60-count"
625994!item.en-US,"{""review_count"": {""old"": ""1631"", ""new"": ""1632""}, ""review_ratings"": {""old"": ""4.619900226593018"", ""new"": ""4.620100021362305""}}","Clorox ToiletWand Disposable Toilet Cleaning System, Rainforest Rush, 1 Wand & 36 Refills"
6262016!item.en-US,"{""review_count"": {""old"": ""17276"", ""new"": ""17283""}}","Kirkland Signature Bath Tissue, 2-Ply, 380 Sheets, 30 Rolls"
645739!item.en-US,"{""review_count"": {""old"": ""53"", ""new"": ""54""}, ""review_ratings"": {""old"": ""3.6791999340057373"", ""new"": ""3.703700065612793""}}","Scotch Heavy Duty Shipping Packaging Tape with Tape Gun Dispenser, 2 Rolls of Tape Included"
670441!item.en-US,"{""review_count"": {""old"": ""2216"", ""new"": ""2219""}, ""review_ratings"": {""old"": ""4.802299976348877"", ""new"": ""4.802199840545654""}}","Peet's Coffee Major Dickason's Blend Coffee, Dark Roast, Whole Bean, 2 lbs"
679131!item.en-US,"{""review_count"": {""old"": ""5582"", ""new"": ""5584""}}","Kirkland Signature Organic Pure Maple Syrup, 33.8 oz"
690033!item.en-US,"{""review_count"": {""old"": ""230"", ""new"": ""231""}, ""review_ratings"": {""old"": ""4.517399787902832"", ""new"": ""4.502200126647949""}}","Savanna Orchards Gourmet Honey Roasted Nut Mix, 30 oz"
6992988!item.en-US,"{""review_count"": {""old"": ""88"", ""new"": ""89""}, ""review_ratings"": {""old"": ""4.625"", ""new"": ""4.629199981689453""}}","Starbucks Coffee and Espresso Capsules for Nespresso Vertuo Machines 60-count Variety Pack, 100% Arabica Coffee"
705876!item.en-US,"{""review_count"": {""old"": ""572"", ""new"": ""573""}, ""review_ratings"": {""old"": ""4.543700218200684"", ""new"": ""4.54449987411499""}}","M&M's, Snickers and More Chocolate Candy Bars, Variety Pack, 30-count"
71003!item.en-US,"{""review_count"": {""old"": ""1889"", ""new"": ""1890""}, ""review_ratings"": {""old"": ""4.78879976272583"", ""new"": ""4.788899898529053""}}","Kirkland Signature, Extra Virgin Italian Olive Oil, 2 L"
720894!item.en-US,"{""review_count"": {""old"": ""2246"", ""new"": ""2247""}, ""review_ratings"": {""old"": ""4.684800148010254"", ""new"": ""4.684899806976318""}}","Kirkland Signature Facial Tissue, 2-Ply, 110-count, 30-pack"
723675!item.en-US,"{""review_count"": {""old"": ""5062"", ""new"": ""5064""}, ""review_ratings"": {""old"": ""4.735300064086914"", ""new"": ""4.735199928283691""}}","Kleenex Trusted Care Facial Tissue, 2-Ply, 230-count, 10-pack"
734786!item.en-US,"{""price"": {""old"": ""10.49"", ""new"": ""10.99""}, ""listPrice"": {""old"": ""10.49"", ""new"": ""10.99""}}","General Mills, Cheerios Cereal, Honey Nut, 27.5 oz, 2-Count"
739538!item.en-US,"{""review_count"": {""old"": ""1422"", ""new"": ""1423""}, ""review_ratings"": {""old"": ""4.731400012969971"", ""new"": ""4.731599807739258""}}","Wheat Thins Whole Grain Wheat Crackers, Original, 40 oz"
744361!item.en-US,"{""review_count"": {""old"": ""320"", ""new"": ""321""}, ""review_ratings"": {""old"": ""4.668799877166748"", ""new"": ""4.6697998046875""}}","Genova, Yellowfin Tuna, 7 oz, 6-Count"
7552!item.en-US,"{""review_count"": {""old"": ""1250"", ""new"": ""1251""}, ""review_ratings"": {""old"": ""4.815999984741211"", ""new"": ""4.816100120544434""}}","Wild Planet, Albacore Wild Tuna, 5 oz, 6-Count"
756053!item.en-US,"{""review_count"": {""old"": ""420"", ""new"": ""423""}, ""review_ratings"": {""old"": ""4.75"", ""new"": ""4.751800060272217""}}","Kirkland Signature Medium Roast Coffee, 40 oz."
759594!item.en-US,"{""review_count"": {""old"": ""1602"", ""new"": ""1606""}, ""review_ratings"": {""old"": ""4.704800128936768"", ""new"": ""4.704899787902832""}}","San Francisco Bay Organic Rainforest Blend Whole Bean Coffee 3 lbs, 2-pack"
761486!item.en-US,"{""review_count"": {""old"": ""646"", ""new"": ""647""}, ""review_ratings"": {""old"": ""4.826600074768066"", ""new"": ""4.826900005340576""}}","Garofalo, Organic Spaghetti Noodles, 17.6 oz, 8-Count"
761749!item.en-US,"{""review_count"": {""old"": ""2715"", ""new"": ""2717""}, ""review_ratings"": {""old"": ""4.7820000648498535"", ""new"": ""4.781400203704834""}}","Ruta Maya Organic Dark Roast Coffee, 5 lbs"
761751!item.en-US,"{""review_count"": {""old"": ""3520"", ""new"": ""3529""}, ""review_ratings"": {""old"": ""4.692299842834473"", ""new"": ""4.692800045013428""}}",Ruta Maya Organic Medium Roast Whole Bean Coffee 5 lb
77959!item.en-US,"{""review_count"": {""old"": ""507"", ""new"": ""508""}, ""review_ratings"": {""old"": ""4.644999980926514"", ""new"": ""4.645699977874756""}}","Idahoan, Real Premium Mashed Potatoes, 3.25 lbs"
783846!item.en-US,"{""review_count"": {""old"": ""828"", ""new"": ""830""}, ""review_ratings"": {""old"": ""4.685999870300293"", ""new"": ""4.686699867248535""}}","Dixie To Go 12 oz Insulated Paper Cup, 160-count"
786650!item.en-US,"{""review_count"": {""old"": ""1648"", ""new"": ""1650""}, ""review_ratings"": {""old"": ""4.789999961853027"", ""new"": ""4.789700031280518""}}","Vanity Fair Entertain White Paper Napkins, 3-ply, 60-count, 4-pack"
795031!item.en-US,"{""review_count"": {""old"": ""593"", ""new"": ""594""}, ""review_ratings"": {""old"": ""4.689700126647949"", ""new"": ""4.688600063323975""}}","Myrtos Greek Extra Virgin Olive Oil 3L, Tins, 2-pack"
796343!item.en-US,"{""review_count"": {""old"": ""376"", ""new"": ""377""}, ""review_ratings"": {""old"": ""4.579800128936768"", ""new"": ""4.580900192260742""}}","NESCAFE CLASICO Instant Coffee, Dark Roast, 10.5 oz, 2-count"
796448!item.en-US,"{""review_count"": {""old"": ""2413"", ""new"": ""2414""}, ""review_ratings"": {""old"": ""4.457900047302246"", ""new"": ""4.458199977874756""}}","Starbucks Classic Hot Cocoa Mix 30 oz, 2-pack"
7984865!item.en-US,"{""review_count"": {""old"": ""99"", ""new"": ""100""}, ""review_ratings"": {""old"": ""4.878799915313721"", ""new"": ""4.849999904632568""}}","Crafted Classics Coffee K-Cup Pod Variety Pack, 72-count"
800132!item.en-US,"{""review_count"": {""old"": ""751"", ""new"": ""753""}, ""review_ratings"": {""old"": ""4.757699966430664"", ""new"": ""4.758299827575684""}}","Tramontina Professional 10"" Restaurant Fry Pan, Nonstick Aluminum, 2 pk"
825767!item.en-US,"{""review_count"": {""old"": ""8"", ""new"": ""9""}, ""review_ratings"": {""old"": ""4.875"", ""new"": ""4.444399833679199""}}","Skittles Bite Size Candy, Tropical,  2.17 oz, 36-count"
835671!item.en-US,"{""review_count"": {""old"": ""2114"", ""new"": ""2115""}, ""review_ratings"": {""old"": ""4.750699996948242"", ""new"": ""4.750800132751465""}}","Kirkland Signature Raisins, Milk Chocolate, 3.4 lb"
84086!item.en-US,"{""review_count"": {""old"": ""117"", ""new"": ""118""}, ""review_ratings"": {""old"": ""4.504300117492676"", ""new"": ""4.508500099182129""}}","Andes Mints, Creme de Menthe, 240-count"
864917!item.en-US,"{""review_count"": {""old"": ""704"", ""new"": ""705""}, ""review_ratings"": {""old"": ""4.63070011138916"", ""new"": ""4.631199836730957""}}","Wonderful Pistachios, Salt & Pepper, 3 lbs"
874524!item.en-US,"{""review_count"": {""old"": ""97"", ""new"": ""98""}, ""review_ratings"": {""old"": ""4.742300033569336"", ""new"": ""4.744900226593018""}}","Fritos Original Corn Chips, 1 oz., 50-count"
896879!item.en-US,"{""review_count"": {""old"": ""725"", ""new"": ""726""}, ""review_ratings"": {""old"": ""4.798600196838379"", ""new"": ""4.798900127410889""}}","Splenda Zero Calorie Sweetener Packets, 1,000-count"
897971!item.en-US,"{""review_count"": {""old"": ""2407"", ""new"": ""2409""}, ""review_ratings"": {""old"": ""4.773200035095215"", ""new"": ""4.771699905395508""}}","Kirkland Signature, Organic Applesauce, 3.17 oz, 24-Count"
901991!item.en-US,"{""review_count"": {""old"": ""3423"", ""new"": ""3424""}}","Kirkland Signature, Organic Sugar, 10 lbs"
913437!item.en-US,"{""review_count"": {""old"": ""2173"", ""new"": ""2175""}, ""review_ratings"": {""old"": ""4.592700004577637"", ""new"": ""4.593100070953369""}}","Clorox Clean-Up All Purpose Cleaner with Bleach, Original, 32 fl oz Spray & 180 fl oz Refill"
920464!item.en-US,"{""review_count"": {""old"": ""2226"", ""new"": ""2227""}, ""review_ratings"": {""old"": ""4.370200157165527"", ""new"": ""4.370500087738037""}}",David's Cookies Brownie and Cookie Combo Pack
9440!item.en-US,"{""review_count"": {""old"": ""258"", ""new"": ""259""}, ""review_ratings"": {""old"": ""4.589099884033203"", ""new"": ""4.583000183105469""}}","Thai Kitchen Organic Coconut Milk, Unsweetened, 13.66 fl oz, 6-count"
9555!item.en-US,"{""review_count"": {""old"": ""3748"", ""new"": ""3749""}, ""review_ratings"": {""old"": ""4.734799861907959"", ""new"": ""4.733799934387207""}}","Kirkland Signature Microwave Popcorn, 3.3 oz, 44-count"
956696!item.en-US,"{""review_count"": {""old"": ""7903"", ""new"": ""7905""}, ""review_ratings"": {""old"": ""4.729800224304199"", ""new"": ""4.729899883270264""}}","Kirkland Signature Extra-Large Absorbent Pads, 30 in L X 23 in W, 100-count"
9661!item.en-US,"{""review_count"": {""old"": ""811"", ""new"": ""812""}, ""review_ratings"": {""old"": ""4.815000057220459"", ""new"": ""4.815299987792969""}}","Connaisseur #4 Cone Coffee Filters, 400-count"
967497!item.en-US,"{""review_count"": {""old"": ""151"", ""new"": ""152""}, ""review_ratings"": {""old"": ""4.496699810028076"", ""new"": ""4.5""}}","Skittles and Starburst Chewy Candy, Variety Pack, Full Size, 30-count"
968318!item.en-US,"{""review_count"": {""old"": ""2443"", ""new"": ""2446""}, ""review_ratings"": {""old"": ""4.394999980926514"", ""new"": ""4.395699977874756""}}","Kirkland Signature, Whole Dried Blueberries, 20 oz"
971832!item.en-US,"{""review_count"": {""old"": ""6336"", ""new"": ""6338""}, ""review_ratings"": {""old"": ""4.716100215911865"", ""new"": ""4.71619987487793""}}","Kirkland Signature Dental Chews, 72-count"
976932!item.en-US,"{""review_count"": {""old"": ""188"", ""new"": ""189""}, ""review_ratings"": {""old"": ""4.670199871063232"", ""new"": ""4.671999931335449""}}","CheongKwanJang Hong Sam Won Red Ginseng Drink, 1.69 fl oz, 30-Count"
979669!item.en-US,"{""review_count"": {""old"": ""1633"", ""new"": ""1636""}, ""review_ratings"": {""old"": ""4.657100200653076"", ""new"": ""4.657700061798096""}}","USPS First-Class Forever Stamp, 100-count"
979855!item.en-US,"{""review_count"": {""old"": ""1798"", ""new"": ""1799""}, ""review_ratings"": {""old"": ""4.749199867248535"", ""new"": ""4.750999927520752""}}","Kirkland Signature Green Tea Bags, 1.5 g, 100-count"
980083!item.en-US,"{""review_count"": {""old"": ""1502"", ""new"": ""1504""}, ""review_ratings"": {""old"": ""4.772299766540527"", ""new"": ""4.772600173950195""}}","Starbucks VIA Instant Colombia Coffee, Medium Roast, 26-count"
998417!item.en-US,"{""review_count"": {""old"": ""33"", ""new"": ""34""}, ""review_ratings"": {""old"": ""4.63640022277832"", ""new"": ""4.64709997177124""}}","Airheads Xtremes Sweetly Sour Belts, Rainbow Berry, 2 oz, 18-count"
